Date,country,league,HomeTeam,AwayTeam,api_match_id,generated_at_utc,run_id,p_over_2_5,p_under_2_5,p_over_2_5_model,predicted_winner,p_home_win,p_draw,p_away_win,pred_total_bookings,expected_home_goals,expected_away_goals,pred_correct_score,pred_correct_score_top3,model_created_at_utc,model_artifact_path,fixtures_source_csv
17/04/2026,Argentina,Liga Profesional de Fútbol,Club Atlético Unión de Santa Fe,Newell's Old Boys,,2026-04-17T13:39:15+00:00,20260417T133816Z,0.424,0.5760000000000001,0.42359836443161464,H,0.610498448026059,0.25090635628245667,0.13859519569148432,3.984966666242324,1.733811949089107,0.6441147830256951,1-0,"[[""1-0"", 0.160798329843535], [""2-0"", 0.1393970328381463], [""1-1"", 0.10357258133806271]]",2026-04-17T13:38:50+00:00,artifacts/football_prediction_bundle.joblib,artifacts/sheet_predictions_cleaned.csv
17/04/2026,Australia,A-League Men,Melbourne Victory,Newcastle Jets,,2026-04-17T13:39:15+00:00,20260417T133816Z,0.696,0.30400000000000005,0.5767189056427272,H,0.42606468730277486,0.23988066896275934,0.3340546437344659,3.6849127816353326,1.7523763840293667,1.495685937190842,1-1,"[[""1-1"", 0.1018244936475012], [""2-1"", 0.08921741899181466], [""1-2"", 0.07614873160507288]]",2026-04-17T13:38:50+00:00,artifacts/football_prediction_bundle.joblib,artifacts/sheet_predictions_cleaned.csv
17/04/2026,China,CFA Super League,Wuhan Three Towns,Chengdu Rongcheng,,2026-04-17T13:39:15+00:00,20260417T133816Z,0.5920000000000001,0.4079999999999999,0.6494789824677516,A,0.14020750105467714,0.19828851086462176,0.6615039880807011,3.4818112547869484,0.8576183205881792,2.3058719520820596,0-2,"[[""0-2"", 0.11239681604523595], [""0-1"", 0.09748747404967442], [""1-2"", 0.09639356861617376]]",2026-04-17T13:38:50+00:00,artifacts/football_prediction_bundle.joblib,artifacts/sheet_predictions_cleaned.csv
17/04/2026,China,CFA Super League,Yunnan Yukun,Tianjin Jinmen Tiger,,2026-04-17T13:39:15+00:00,20260417T133816Z,0.6120000000000001,0.3879999999999999,0.6381326769718698,H,0.6330296096069458,0.21101194943455556,0.1559584409584988,3.555450102046354,2.217850325331584,0.9570820541176916,2-0,"[[""2-0"", 0.10279662570929317], [""2-1"", 0.09838480569021782], [""1-0"", 0.09269933550986977]]",2026-04-17T13:38:50+00:00,artifacts/football_prediction_bundle.joblib,artifacts/sheet_predictions_cleaned.csv
17/04/2026,China,CFA Super League,Zhejiang,Beijing Guoan,,2026-04-17T13:39:15+00:00,20260417T133816Z,0.613,0.387,0.595470413244179,H,0.42434517544102035,0.26716217384276836,0.30849265071621124,3.915321189860643,1.6762157156000155,1.3506248635082052,1-1,"[[""1-1"", 0.10972977466545349], [""2-1"", 0.09196538638174077], [""1-0"", 0.08124370995246886]]",2026-04-17T13:38:50+00:00,artifacts/football_prediction_bundle.joblib,artifacts/sheet_predictions_cleaned.csv
17/04/2026,Denmark,Danish Superliga,Brøndby IF,Sønderjyske Fodbold,,2026-04-17T13:39:15+00:00,20260417T133816Z,0.5960000000000001,0.4039999999999999,0.5546487523470789,H,0.4914488043396595,0.25660498097264917,0.2519462146876914,3.902849494791553,1.7518200930122554,1.216955808241757,1-1,"[[""1-1"", 0.10950685824113567], [""2-1"", 0.09591815729473309], [""1-0"", 0.08998425209815125]]",2026-04-17T13:38:50+00:00,artifacts/football_prediction_bundle.joblib,artifacts/sheet_predictions_cleaned.csv
17/04/2026,England,Championship,Blackburn Rovers,Coventry City,,2026-04-17T13:39:15+00:00,20260417T133816Z,0.46099999999999997,0.539,0.40871552693594937,A,0.2416862387888442,0.28107658813820463,0.4772371730729513,3.8282201902222623,0.9713453504964265,1.500801080933283,0-1,"[[""0-1"", 0.12667286119911036], [""1-1"", 0.12304309475983502], [""0-2"", 0.09505538350626827]]",2026-04-17T13:38:50+00:00,artifacts/football_prediction_bundle.joblib,artifacts/sheet_predictions_cleaned.csv
17/04/2026,France,Ligue 1,RC Lens,Toulouse,,2026-04-17T13:39:15+00:00,20260417T133816Z,0.5710000000000001,0.42899999999999994,0.5650811543045038,H,0.6536286478747484,0.20442551527254776,0.14194583685270384,3.9761354242166083,2.1522838975877088,0.8052424291373109,2-0,"[[""2-0"", 0.12031831842356919], [""1-0"", 0.11180524888786521], [""2-1"", 0.09688541499711133]]",2026-04-17T13:38:50+00:00,artifacts/football_prediction_bundle.joblib,artifacts/sheet_predictions_cleaned.csv
17/04/2026,France,Ligue 2,Le Mans,Clermont Foot,,2026-04-17T13:39:15+00:00,20260417T133816Z,0.519,0.481,0.5068585879302644,H,0.5790462277356141,0.24260707597929376,0.17834669628509228,4.2322171824667185,1.899652464152243,0.8916887447313697,1-0,"[[""1-0"", 0.11652257440324329], [""2-0"", 0.1106761977972421], [""1-1"", 0.10390186810249565]]",2026-04-17T13:38:50+00:00,artifacts/football_prediction_bundle.joblib,artifacts/sheet_predictions_cleaned.csv
17/04/2026,France,Ligue 2,Montpellier,Grenoble Foot 38,,2026-04-17T13:39:15+00:00,20260417T133816Z,0.503,0.497,0.4720976053462069,H,0.5753070263053481,0.2518845053780656,0.1728084683165862,4.201988206541537,1.7525714338356209,0.7291491873432121,1-0,"[[""1-0"", 0.14651367341662952], [""2-0"", 0.12838783934815312], [""1-1"", 0.10683032590640418]]",2026-04-17T13:38:50+00:00,artifacts/football_prediction_bundle.joblib,artifacts/sheet_predictions_cleaned.csv
17/04/2026,France,Ligue 2,Nancy,Annecy FC,,2026-04-17T13:39:15+00:00,20260417T133816Z,0.427,0.573,0.3919457797325311,H,0.3668194272061883,0.2966445618474396,0.3365360109463721,3.8997073125021116,1.2590207954604886,1.1646087501125328,1-1,"[[""1-1"", 0.1299104282579394], [""1-0"", 0.11154855932980626], [""0-1"", 0.10318370334020134]]",2026-04-17T13:38:50+00:00,artifacts/football_prediction_bundle.joblib,artifacts/sheet_predictions_cleaned.csv
17/04/2026,France,Ligue 2,Pau FC,Guingamp,,2026-04-17T13:39:15+00:00,20260417T133816Z,0.532,0.46799999999999997,0.5820600611906003,A,0.31464045190693263,0.27181924413947123,0.41354030395359614,4.17369159287705,1.322483146435074,1.5751234302301655,1-1,"[[""1-1"", 0.11489210618409594], [""1-2"", 0.09048462419953081], [""0-1"", 0.08687604563718081]]",2026-04-17T13:38:50+00:00,artifacts/football_prediction_bundle.joblib,artifacts/sheet_predictions_cleaned.csv
17/04/2026,France,Ligue 2,Rodez AF,Amiens SC,,2026-04-17T13:39:15+00:00,20260417T133816Z,0.564,0.43600000000000005,0.5653908861833912,H,0.5795951449911056,0.23079629697129014,0.1896085580376042,3.840690489337892,2.0572625142226357,0.9281920690209976,2-0,"[[""2-0"", 0.10690129799726084], [""1-0"", 0.10392577248475744], [""2-1"", 0.09922493696910777]]",2026-04-17T13:38:50+00:00,artifacts/football_prediction_bundle.joblib,artifacts/sheet_predictions_cleaned.csv
17/04/2026,Germany,2. Bundesliga,Holstein Kiel,1. FC Kaiserslautern,,2026-04-17T13:39:15+00:00,20260417T133816Z,0.574,0.42600000000000005,0.5743203199059859,H,0.4423808977388675,0.2591412321670844,0.2984778700940481,4.764586615207994,1.6594853490994237,1.326455604588549,1-1,"[[""1-1"", 0.11114462430167965], [""2-1"", 0.09222143782989857], [""1-0"", 0.08379068543055794]]",2026-04-17T13:38:50+00:00,artifacts/football_prediction_bundle.joblib,artifacts/sheet_predictions_cleaned.csv
17/04/2026,Germany,2. Bundesliga,SV 07 Elversberg,Karlsruher SC,,2026-04-17T13:39:15+00:00,20260417T133816Z,0.685,0.31499999999999995,0.6111329065364911,H,0.6781639112223135,0.18091681758448008,0.14091927119320652,3.5927875313460316,2.4133764987600688,0.7726402424662802,2-0,"[[""2-0"", 0.12037898383679461], [""1-0"", 0.09975980448855971], [""3-0"", 0.0968399368454461]]",2026-04-17T13:38:50+00:00,artifacts/football_prediction_bundle.joblib,artifacts/sheet_predictions_cleaned.csv
17/04/2026,Germany,Bundesliga,FC St. Pauli,1. FC Köln,,2026-04-17T13:39:15+00:00,20260417T133816Z,0.47000000000000003,0.53,0.49746223672097983,A,0.3059343293319196,0.3064695227116299,0.38759614795645037,3.9431420682784304,1.1289466586725336,1.3188154626862694,1-1,"[[""1-1"", 0.1287679763728482], [""0-1"", 0.11406028387936361], [""1-0"", 0.09763911632531456]]",2026-04-17T13:38:50+00:00,artifacts/football_prediction_bundle.joblib,artifacts/sheet_predictions_cleaned.csv
17/04/2026,Italy,Serie A,Inter,Cagliari,,2026-04-17T13:39:15+00:00,20260417T133816Z,0.6,0.4,0.6562219916583842,H,0.7845265736887052,0.14816557004110065,0.06730785627019416,4.111555864773893,2.6692951101265723,0.6334702958974265,2-0,"[[""2-0"", 0.13103592996234142], [""3-0"", 0.11659118903312199], [""1-0"", 0.0981801745825908]]",2026-04-17T13:38:50+00:00,artifacts/football_prediction_bundle.joblib,artifacts/sheet_predictions_cleaned.csv
17/04/2026,Italy,Serie A,Sassuolo,Como,,2026-04-17T13:39:15+00:00,20260417T133816Z,0.564,0.43600000000000005,0.6052173047455142,A,0.15532845314795854,0.22019772032922622,0.6244738265228152,3.7140690909263587,0.8973946469005386,2.0632199114436793,0-2,"[[""0-2"", 0.11022560198739219], [""0-1"", 0.10684813710455614], [""1-2"", 0.09891586517487512]]",2026-04-17T13:38:50+00:00,artifacts/football_prediction_bundle.joblib,artifacts/sheet_predictions_cleaned.csv
17/04/2026,Italy,Serie B,Sampdoria,Monza,,2026-04-17T13:39:15+00:00,20260417T133816Z,0.417,0.583,0.38626680717591666,A,0.26198239087797753,0.30617663307707116,0.43184097604495125,4.457594158045168,0.9689156497258924,1.3513917796880157,0-1,"[[""0-1"", 0.13276529351517222], [""1-1"", 0.1286383706273019], [""0-0"", 0.09824337805711873]]",2026-04-17T13:38:50+00:00,artifacts/football_prediction_bundle.joblib,artifacts/sheet_predictions_cleaned.csv
17/04/2026,Peru,Liga 1,Los Chankas CYC,Club Atlético Grau,,2026-04-17T13:39:15+00:00,20260417T133816Z,0.422,0.5780000000000001,0.4192890457857464,H,0.5664539031328112,0.2651958311488738,0.16835026571831505,3.96102594517507,1.6407650475289366,0.7253414527617613,1-0,"[[""1-0"", 0.1539782570023952], [""2-0"", 0.12632107108447888], [""1-1"", 0.11168681262784118]]",2026-04-17T13:38:50+00:00,artifacts/football_prediction_bundle.joblib,artifacts/sheet_predictions_cleaned.csv
17/04/2026,Portugal,Liga Portugal 2,Académico Viseu FC,Feirense,,2026-04-17T13:39:15+00:00,20260417T133816Z,0.418,0.5820000000000001,0.40317504543201077,H,0.5259967519912507,0.2803756698534458,0.1936275781553035,3.96102594517507,1.4477626629582077,0.8306868433950615,1-0,"[[""1-0"", 0.14831303573024923], [""1-1"", 0.1232016874850997], [""2-0"", 0.1073610377801207]]",2026-04-17T13:38:50+00:00,artifacts/football_prediction_bundle.joblib,artifacts/sheet_predictions_cleaned.csv
17/04/2026,Portugal,Liga Portugal Betclic,Rio Ave,AVS - Futebol SAD,,2026-04-17T13:39:15+00:00,20260417T133816Z,0.498,0.502,0.47792087111578635,H,0.5692615792893586,0.24337502571031655,0.1873633950003249,4.33074744069754,1.8502253413816376,0.8279343144864998,1-0,"[[""1-0"", 0.12709096131807968], [""2-0"", 0.1175734586456322], [""1-1"", 0.10522296793631454]]",2026-04-17T13:38:50+00:00,artifacts/football_prediction_bundle.joblib,artifacts/sheet_predictions_cleaned.csv
17/04/2026,Spain,LaLiga 2,Las Palmas,Leganés,,2026-04-17T13:39:15+00:00,20260417T133816Z,0.515,0.485,0.5059151395876369,H,0.5750964234562869,0.24436360270009336,0.18053997384361986,3.795554918827645,1.861890053278235,0.8778532555968023,1-0,"[[""1-0"", 0.12025375072622958], [""2-0"", 0.1119496311732836], [""1-1"", 0.10556514657274697]]",2026-04-17T13:38:50+00:00,artifacts/football_prediction_bundle.joblib,artifacts/sheet_predictions_cleaned.csv
17/04/2026,Spain,LaLiga 2,Real Sociedad B,Racing de Santander,,2026-04-17T13:39:15+00:00,20260417T133816Z,0.614,0.386,0.5320640056490099,A,0.2687922118980683,0.2501573757640503,0.4810504123378816,3.791977380597039,1.2346098259198874,1.881934794660451,1-1,"[[""1-1"", 0.10295232756029055], [""1-2"", 0.09687478371349545], [""0-1"", 0.0833885535323538]]",2026-04-17T13:38:50+00:00,artifacts/football_prediction_bundle.joblib,artifacts/sheet_predictions_cleaned.csv
17/04/2026,Sweden,Allsvenskan,Degerfors IF,IF Elfsborg,,2026-04-17T13:39:15+00:00,20260417T133816Z,0.42300000000000004,0.577,0.3695738256187848,H,0.3470348294559566,0.31111311142648646,0.341852059117557,3.9739722084473854,1.1445413525995103,1.1492694023372896,1-1,"[[""1-1"", 0.13269787843856387], [""0-1"", 0.11593978508262476], [""1-0"", 0.1154628133044296]]",2026-04-17T13:38:50+00:00,artifacts/football_prediction_bundle.joblib,artifacts/sheet_predictions_cleaned.csv
17/04/2026,Sweden,Allsvenskan,Djurgårdens IF,Malmö FF,,2026-04-17T13:39:15+00:00,20260417T133816Z,0.524,0.476,0.5018059545468314,H,0.39894087084476326,0.27953578416519137,0.3215233449900454,3.96102594517507,1.3771084989802311,1.262831007035479,1-1,"[[""1-1"", 0.12410870253618458], [""1-0"", 0.09827815586151328], [""0-1"", 0.09012267561204428]]",2026-04-17T13:38:50+00:00,artifacts/football_prediction_bundle.joblib,artifacts/sheet_predictions_cleaned.csv
17/04/2026,Turkey,Trendyol Süper Lig,Antalyaspor,Konyaspor,,2026-04-17T13:39:15+00:00,20260417T133816Z,0.48800000000000004,0.512,0.4988662649871926,A,0.3179159045385907,0.28749696591398943,0.3945871295474199,4.4277433951383065,1.2683859829557753,1.4122591821481012,1-1,"[[""1-1"", 0.12273726397937162], [""0-1"", 0.0967664935033038], [""1-0"", 0.08690845528275021]]",2026-04-17T13:38:50+00:00,artifacts/football_prediction_bundle.joblib,artifacts/sheet_predictions_cleaned.csv
17/04/2026,Turkey,Trendyol Süper Lig,Fenerbahçe,Çaykur Rizespor,,2026-04-17T13:39:15+00:00,20260417T133816Z,0.646,0.354,0.584148890713532,H,0.7280450156382239,0.17065281801921456,0.10130216634256156,3.731275855733246,2.474227701342723,0.6468332183761131,2-0,"[[""2-0"", 0.13501741817477667], [""3-0"", 0.1113546120706023], [""1-0"", 0.10913904011462237]]",2026-04-17T13:38:50+00:00,artifacts/football_prediction_bundle.joblib,artifacts/sheet_predictions_cleaned.csv
18/04/2026,Argentina,Liga Profesional de Fútbol,CA Independiente,Defensa y Justicia,,2026-04-17T13:39:15+00:00,20260417T133816Z,0.41600000000000004,0.584,0.44158191275237246,H,0.5527537262904921,0.27207862183537024,0.1751676518741377,3.8935740362493747,1.5825834189582269,0.8692848892752579,1-0,"[[""1-0"", 0.13631188848106227], [""1-1"", 0.11849386488516153], [""2-0"", 0.10786246725850603]]",2026-04-17T13:38:50+00:00,artifacts/football_prediction_bundle.joblib,artifacts/sheet_predictions_cleaned.csv
18/04/2026,Argentina,Liga Profesional de Fútbol,Gimnasia y Esgrima,Estudiantes de Río Cuarto,,2026-04-17T13:39:15+00:00,20260417T133816Z,0.7980000000000002,0.20199999999999985,0.7239209805139305,A,0.3226169079930625,0.11229240189381132,0.5650906901131262,2.5071988713899542,1.5380342120858785,2.576830522408113,1-2,"[[""1-2"", 0.083376692792455], [""1-3"", 0.07161586894834751], [""1-1"", 0.06471259329429037]]",2026-04-17T13:38:50+00:00,artifacts/football_prediction_bundle.joblib,artifacts/sheet_predictions_cleaned.csv
18/04/2026,Argentina,Liga Profesional de Fútbol,Instituto De Córdoba,Estudiantes de La Plata,,2026-04-17T13:39:15+00:00,20260417T133816Z,0.35900000000000004,0.641,0.36574482479600395,A,0.3305205458432817,0.33040064017248477,0.3390788139842335,4.208927907179578,1.032426114261223,1.0451186335720999,1-1,"[[""1-1"", 0.13513204592104525], [""0-1"", 0.13088786117904638], [""1-0"", 0.1292982840227227]]",2026-04-17T13:38:50+00:00,artifacts/football_prediction_bundle.joblib,artifacts/sheet_predictions_cleaned.csv
18/04/2026,Australia,A-League Men,Brisbane Roar,Melbourne City,,2026-04-17T13:39:15+00:00,20260417T133816Z,0.514,0.486,0.4731554925801174,A,0.26527463501268045,0.2569092750621985,0.4778160899251211,3.83940658037955,1.0465906521901593,1.7787323206967898,1-1,"[[""1-1"", 0.11037361609267723], [""0-1"", 0.10546015852683442], [""1-2"", 0.09816255914811217]]",2026-04-17T13:38:50+00:00,artifacts/football_prediction_bundle.joblib,artifacts/sheet_predictions_cleaned.csv
18/04/2026,Australia,A-League Men,Sydney FC,Perth Glory,,2026-04-17T13:39:15+00:00,20260417T133816Z,0.618,0.382,0.5841327161315134,H,0.6284141644190893,0.20603677465125722,0.16554906092965357,3.7812999179360616,2.2699044409679985,0.8380326691084847,2-0,"[[""2-0"", 0.11513973256840529], [""1-0"", 0.10144896894364774], [""2-1"", 0.09649085740473781]]",2026-04-17T13:38:50+00:00,artifacts/football_prediction_bundle.joblib,artifacts/sheet_predictions_cleaned.csv
18/04/2026,Australia,A-League Men,Wellington Phoenix,Western Sydney Wanderers,,2026-04-17T13:39:15+00:00,20260417T133816Z,0.624,0.376,0.5890461882694568,H,0.39912443130205905,0.23910504950494404,0.36177051919299696,3.860308650725291,1.657319077272361,1.5533616932750771,1-1,"[[""1-1"", 0.1038240052398468], [""2-1"", 0.08603475228141184], [""1-2"", 0.08063811629098445]]",2026-04-17T13:38:50+00:00,artifacts/football_prediction_bundle.joblib,artifacts/sheet_predictions_cleaned.csv
18/04/2026,Belgium,Pro League,KV Mechelen,RSC Anderlecht,,2026-04-17T13:39:15+00:00,20260417T133816Z,0.55,0.44999999999999996,0.529847809217846,A,0.31348893178820736,0.2795284053797865,0.4069826628320061,3.931384689428829,1.296543969360891,1.6189857850379392,1-1,"[[""1-1"", 0.11371867763549814], [""1-2"", 0.09205446129259166], [""0-1"", 0.0877090791541407]]",2026-04-17T13:38:50+00:00,artifacts/football_prediction_bundle.joblib,artifacts/sheet_predictions_cleaned.csv
18/04/2026,Belgium,Pro League,KVC Westerlo,KRC Genk,,2026-04-17T13:39:15+00:00,20260417T133816Z,0.599,0.401,0.578363799862974,A,0.32485607550167683,0.2610475921032166,0.4140963323951065,3.931384689428829,1.4048018792459662,1.7273180218903366,1-1,"[[""1-1"", 0.10585831919682126], [""1-2"", 0.09142549125784458], [""0-1"", 0.07535462527544538]]",2026-04-17T13:38:50+00:00,artifacts/football_prediction_bundle.joblib,artifacts/sheet_predictions_cleaned.csv
18/04/2026,Belgium,Pro League,RC Sporting Charleroi,Standard Liège,,2026-04-17T13:39:15+00:00,20260417T133816Z,0.48699999999999993,0.5130000000000001,0.4684709476705452,H,0.5200855175648351,0.26585139172513317,0.21406309071003177,3.96102594517507,1.6882490438215203,0.9137960967044502,1-0,"[[""1-0"", 0.12513611458671248], [""1-1"", 0.11434889306609868], [""2-0"", 0.10563046289927878]]",2026-04-17T13:38:50+00:00,artifacts/football_prediction_bundle.joblib,artifacts/sheet_predictions_cleaned.csv
18/04/2026,Belgium,Pro League,Royal Antwerp FC,Oud-Heverlee Leuven,,2026-04-17T13:39:15+00:00,20260417T133816Z,0.49,0.51,0.4567785706849442,H,0.40346694689406054,0.28987141742708783,0.30666163567885163,4.02741355251739,1.336796667339342,1.1645490144077344,1-1,"[[""1-1"", 0.12761522761824978], [""1-0"", 0.10958338896809103], [""0-1"", 0.0954634543428698]]",2026-04-17T13:38:50+00:00,artifacts/football_prediction_bundle.joblib,artifacts/sheet_predictions_cleaned.csv
18/04/2026,Brazil,Brasileirão Série A,Chapecoense,Botafogo,,2026-04-17T13:39:15+00:00,20260417T133816Z,0.4679999999999999,0.532,0.4112179255638788,A,0.280392234316498,0.2926400846321964,0.42696768105130556,3.914745463095293,1.109839228023349,1.4356656732193316,1-1,"[[""1-1"", 0.12497255689791499], [""0-1"", 0.11260419864640593], [""1-2"", 0.08970940501639318]]",2026-04-17T13:38:50+00:00,artifacts/football_prediction_bundle.joblib,artifacts/sheet_predictions_cleaned.csv
18/04/2026,Brazil,Brasileirão Série A,Cruzeiro,Grêmio,,2026-04-17T13:39:15+00:00,20260417T133816Z,0.477,0.523,0.45273588068430465,H,0.5716213138632051,0.2493276613002501,0.1790510248365449,3.6637118752743425,1.7590933559483184,0.8496357317989268,1-0,"[[""1-0"", 0.1295186296235237], [""2-0"", 0.1139176804211358], [""1-1"", 0.11004365566177672]]",2026-04-17T13:38:50+00:00,artifacts/football_prediction_bundle.joblib,artifacts/sheet_predictions_cleaned.csv
18/04/2026,Brazil,Brasileirão Série A,Vasco da Gama,São Paulo,,2026-04-17T13:39:15+00:00,20260417T133816Z,0.43399999999999994,0.5660000000000001,0.37155599068660655,H,0.40359277383214526,0.30618779130820345,0.2902194348596512,3.96102594517507,1.2715825430654908,1.0561149302099104,1-1,"[[""1-1"", 0.13096328832507848], [""1-0"", 0.12400476934745026], [""0-1"", 0.10299236100658975]]",2026-04-17T13:38:50+00:00,artifacts/football_prediction_bundle.joblib,artifacts/sheet_predictions_cleaned.csv
18/04/2026,Brazil,Brasileirão Série A,Vitória,Corinthians,,2026-04-17T13:39:15+00:00,20260417T133816Z,0.377,0.623,0.38275059829914126,A,0.32622795026689755,0.329181093935762,0.34459095579734056,4.0365760695150295,1.029800080161616,1.1097035206140007,1-1,"[[""1-1"", 0.13451951020111605], [""0-1"", 0.1306268204795679], [""1-0"", 0.12122112591540324]]",2026-04-17T13:38:50+00:00,artifacts/football_prediction_bundle.joblib,artifacts/sheet_predictions_cleaned.csv
18/04/2026,Brazil,Brasileirão Série B,América Mineiro,Sport Recife,,2026-04-17T13:39:15+00:00,20260417T133816Z,0.426,0.5740000000000001,0.39626235650343994,H,0.38773773517288834,0.30500175252402456,0.3072605123030872,3.9918305226661692,1.217672015380044,1.0712499155538395,1-1,"[[""1-1"", 0.13223760097176285], [""1-0"", 0.12344234436032193], [""0-1"", 0.10859870252540095]]",2026-04-17T13:38:50+00:00,artifacts/football_prediction_bundle.joblib,artifacts/sheet_predictions_cleaned.csv
18/04/2026,Brazil,Brasileirão Série B,Avaí,Ponte Preta,,2026-04-17T13:39:15+00:00,20260417T133816Z,0.437,0.563,0.4186917466606561,H,0.5375632244030132,0.27655996191218135,0.1858768136848055,3.8664179232383007,1.5338312125912132,0.9157849099629842,1-0,"[[""1-0"", 0.1324106161133937], [""1-1"", 0.12125964415554752], [""2-0"", 0.10154776793657813]]",2026-04-17T13:38:50+00:00,artifacts/football_prediction_bundle.joblib,artifacts/sheet_predictions_cleaned.csv
18/04/2026,Brazil,Brasileirão Série B,CRB,Juventude,,2026-04-17T13:39:15+00:00,20260417T133816Z,0.4429999999999999,0.5570000000000002,0.3711241552163276,H,0.4520441466122625,0.30113526548917535,0.2468205878985621,3.8730729085565683,1.3421836298958254,0.9735583169636468,1-0,"[[""1-0"", 0.1324640376094815], [""1-1"", 0.12896146551329601], [""0-0"", 0.09869293192002557]]",2026-04-17T13:38:50+00:00,artifacts/football_prediction_bundle.joblib,artifacts/sheet_predictions_cleaned.csv
18/04/2026,Brazil,Brasileirão Série B,Náutico,São Bernardo,,2026-04-17T13:39:15+00:00,20260417T133816Z,0.441,0.5589999999999999,0.4312485668137625,H,0.5521079690858516,0.26750281585837593,0.18038921505577246,3.96102594517507,1.5789602882847644,0.8795616479496232,1-0,"[[""1-0"", 0.13509793066539558], [""1-1"", 0.11882695853063927], [""2-0"", 0.10665713377505406]]",2026-04-17T13:38:50+00:00,artifacts/football_prediction_bundle.joblib,artifacts/sheet_predictions_cleaned.csv
18/04/2026,Brazil,Brasileirão Série B,Vila Nova FC,Operário-PR,,2026-04-17T13:39:15+00:00,20260417T133816Z,0.375,0.625,0.36174983655397747,H,0.3984112110509965,0.31597747367495393,0.28561131527404954,4.150637501787546,1.2080396354525522,0.9762035410728891,1-0,"[[""1-0"", 0.1359804346115174], [""1-1"", 0.13274458178439374], [""0-0"", 0.11256289166421002]]",2026-04-17T13:38:50+00:00,artifacts/football_prediction_bundle.joblib,artifacts/sheet_predictions_cleaned.csv
18/04/2026,Chile,Chilean Primera División,Deportes Limache,Universidad de Concepción,,2026-04-17T13:39:15+00:00,20260417T133816Z,0.7980000000000002,0.20199999999999985,0.7239209805139305,A,0.3226169079930625,0.11229240189381132,0.5650906901131262,2.5071988713899542,1.5380342120858785,2.576830522408113,1-2,"[[""1-2"", 0.083376692792455], [""1-3"", 0.07161586894834751], [""1-1"", 0.06471259329429037]]",2026-04-17T13:38:50+00:00,artifacts/football_prediction_bundle.joblib,artifacts/sheet_predictions_cleaned.csv
18/04/2026,Chile,Chilean Primera División,Everton de Viña del Mar,Universidad de Chile,,2026-04-17T13:39:15+00:00,20260417T133816Z,0.419,0.581,0.3335965833437466,A,0.2543213980999971,0.29641482359684174,0.44926377830316117,3.887113579185379,0.8783647820042784,1.369861354478001,0-1,"[[""0-1"", 0.1446386663478068], [""1-1"", 0.1270455106359809], [""0-0"", 0.10558635432337077]]",2026-04-17T13:38:50+00:00,artifacts/football_prediction_bundle.joblib,artifacts/sheet_predictions_cleaned.csv
18/04/2026,China,CFA Super League,Dalian Yingbo FC,Henan FC Jiuzu Dukang,,2026-04-17T13:39:15+00:00,20260417T133816Z,0.7980000000000002,0.20199999999999985,0.7239209805139305,A,0.3226169079930625,0.11229240189381132,0.5650906901131262,2.5071988713899542,1.5380342120858785,2.576830522408113,1-2,"[[""1-2"", 0.083376692792455], [""1-3"", 0.07161586894834751], [""1-1"", 0.06471259329429037]]",2026-04-17T13:38:50+00:00,artifacts/football_prediction_bundle.joblib,artifacts/sheet_predictions_cleaned.csv
18/04/2026,China,CFA Super League,Shanghai Shenhua,Liaoning Tieren FC,,2026-04-17T13:39:15+00:00,20260417T133816Z,0.6070000000000001,0.3929999999999999,0.5974217687394648,H,0.6783620732256472,0.187297964039497,0.13433996273485577,3.3527874011637486,2.4708999720709763,0.7527538002493221,2-0,"[[""2-0"", 0.12152490448722142], [""3-0"", 0.10009196103446784], [""1-0"", 0.09836489203192288]]",2026-04-17T13:38:50+00:00,artifacts/football_prediction_bundle.joblib,artifacts/sheet_predictions_cleaned.csv
18/04/2026,England,Championship,Bristol City,Norwich City,,2026-04-17T13:39:15+00:00,20260417T133816Z,0.515,0.485,0.5186329813709171,A,0.3509770322380834,0.27097302171493004,0.37804994604698655,3.844162854789184,1.3406455919243634,1.5202125356126177,1-1,"[[""1-1"", 0.11661741103620968], [""1-2"", 0.0886416250639676], [""0-1"", 0.08698601012726785]]",2026-04-17T13:38:50+00:00,artifacts/football_prediction_bundle.joblib,artifacts/sheet_predictions_cleaned.csv
18/04/2026,England,Championship,Derby County,Oxford United,,2026-04-17T13:39:15+00:00,20260417T133816Z,0.46099999999999997,0.539,0.4455176565302998,H,0.5013569362670018,0.276276023255492,0.2223670404775062,3.96102594517507,1.4905278520155705,0.9653984453663522,1-0,"[[""1-0"", 0.12786299024312853], [""1-1"", 0.12343873200060936], [""2-0"", 0.09529167409968912]]",2026-04-17T13:38:50+00:00,artifacts/football_prediction_bundle.joblib,artifacts/sheet_predictions_cleaned.csv
18/04/2026,England,Championship,Hull City,Birmingham City,,2026-04-17T13:39:15+00:00,20260417T133816Z,0.517,0.483,0.5050689762323236,H,0.38199049007869107,0.2705993496273582,0.3474101602939508,3.9524861761476986,1.3832122540696505,1.36023221260896,1-1,"[[""1-1"", 0.1210707101850535], [""1-0"", 0.08900738349140899], [""0-1"", 0.0875286564508393]]",2026-04-17T13:38:50+00:00,artifacts/football_prediction_bundle.joblib,artifacts/sheet_predictions_cleaned.csv
18/04/2026,England,Championship,Millwall,Queens Park Rangers,,2026-04-17T13:39:15+00:00,20260417T133816Z,0.522,0.478,0.5012747120415278,H,0.5706615674559079,0.2438925257718051,0.185445906772287,3.6560347303299086,1.8467894631583641,0.9087374678866651,1-0,"[[""1-0"", 0.11741058370179441], [""2-0"", 0.10841631442187352], [""1-1"", 0.10669539653626402]]",2026-04-17T13:38:50+00:00,artifacts/football_prediction_bundle.joblib,artifacts/sheet_predictions_cleaned.csv
18/04/2026,England,Championship,Portsmouth,Leicester City,,2026-04-17T13:39:15+00:00,20260417T133816Z,0.4539999999999999,0.546,0.44552990464003867,H,0.4224178611030404,0.2831250765908763,0.2944570623060833,4.010748186619025,1.3187534181942193,1.107363139620895,1-1,"[[""1-1"", 0.12906385356092182], [""1-0"", 0.11655061374456326], [""0-1"", 0.09786807130149477]]",2026-04-17T13:38:50+00:00,artifacts/football_prediction_bundle.joblib,artifacts/sheet_predictions_cleaned.csv
18/04/2026,England,Championship,Preston North End,West Bromwich Albion,,2026-04-17T13:39:15+00:00,20260417T133816Z,0.451,0.5489999999999999,0.4066120210069303,A,0.2572545043137113,0.28478634603364344,0.4579591496526454,3.8372882670274473,0.9995688495867694,1.4737393957599103,0-1,"[[""0-1"", 0.12424432763106116], [""1-1"", 0.12419075963786147], [""0-2"", 0.09155188016479822]]",2026-04-17T13:38:50+00:00,artifacts/football_prediction_bundle.joblib,artifacts/sheet_predictions_cleaned.csv
18/04/2026,England,Championship,Sheffield Wednesday,Charlton Athletic,,2026-04-17T13:39:15+00:00,20260417T133816Z,0.45600000000000007,0.5439999999999999,0.42729455762065793,A,0.21041414544534295,0.25057495391644485,0.5390109006382122,3.7073658568220216,0.8871494195946719,1.7997413198326562,0-1,"[[""0-1"", 0.12254857511346325], [""0-2"", 0.11027786715915787], [""1-1"", 0.10871889728406298]]",2026-04-17T13:38:50+00:00,artifacts/football_prediction_bundle.joblib,artifacts/sheet_predictions_cleaned.csv
18/04/2026,England,Championship,Swansea City,Southampton,,2026-04-17T13:39:15+00:00,20260417T133816Z,0.537,0.46299999999999997,0.5541863378772427,A,0.23114088553304515,0.2286898214312534,0.5401692930357014,3.769285244988279,1.042041891674396,1.9392092005411625,1-1,"[[""1-1"", 0.10251063956412226], [""1-2"", 0.09939478769805239], [""0-1"", 0.09837477781186314]]",2026-04-17T13:38:50+00:00,artifacts/football_prediction_bundle.joblib,artifacts/sheet_predictions_cleaned.csv
18/04/2026,England,Championship,Watford,Sheffield United,,2026-04-17T13:39:15+00:00,20260417T133816Z,0.531,0.469,0.5833979729796632,A,0.3446486005114605,0.2720301009244169,0.38332129856412267,4.0987193815273155,1.348744206717071,1.5432908786940314,1-1,"[[""1-1"", 0.11544696032230514], [""1-2"", 0.08908412041918264], [""0-1"", 0.08559588967822918]]",2026-04-17T13:38:50+00:00,artifacts/football_prediction_bundle.joblib,artifacts/sheet_predictions_cleaned.csv
18/04/2026,England,Championship,Wrexham,Stoke City,,2026-04-17T13:39:15+00:00,20260417T133816Z,0.526,0.474,0.547536330010852,H,0.5468639231708373,0.24468113221247406,0.20845494461668873,3.512185397612528,1.8283119059792718,0.9484454444815381,1-0,"[[""1-0"", 0.11379413856437012], [""1-1"", 0.10792753233007776], [""2-0"", 0.10402558918394646]]",2026-04-17T13:38:50+00:00,artifacts/football_prediction_bundle.joblib,artifacts/sheet_predictions_cleaned.csv
18/04/2026,England,League One,AFC Wimbledon,Plymouth Argyle,,2026-04-17T13:39:15+00:00,20260417T133816Z,0.562,0.43799999999999994,0.5485617676843028,A,0.2457489920107625,0.2419596738303815,0.5122913341588561,3.6244269342402546,1.0396204411440335,1.8217744610316104,1-1,"[[""1-1"", 0.10831320404716768], [""0-1"", 0.10418533510939451], [""1-2"", 0.09866111446281789]]",2026-04-17T13:38:50+00:00,artifacts/football_prediction_bundle.joblib,artifacts/sheet_predictions_cleaned.csv
18/04/2026,England,League One,Barnsley,Bradford City,,2026-04-17T13:39:15+00:00,20260417T133816Z,0.525,0.475,0.539788035179878,A,0.29890083299533277,0.2721235410890461,0.4289756259156213,3.886432869023235,1.1979917372653583,1.5628087110168636,1-1,"[[""1-1"", 0.11840205650461026], [""0-1"", 0.09883378392482509], [""1-2"", 0.09251988265385791]]",2026-04-17T13:38:50+00:00,artifacts/football_prediction_bundle.joblib,artifacts/sheet_predictions_cleaned.csv
18/04/2026,England,League One,Bolton Wanderers,Huddersfield Town,,2026-04-17T13:39:15+00:00,20260417T133816Z,0.5589999999999999,0.44100000000000006,0.5474986146798619,H,0.4549979886929384,0.2672689294405609,0.27773308186650064,3.949215241461101,1.7033278939974588,1.2130337486032814,1-1,"[[""1-1"", 0.11184366081705459], [""2-1"", 0.09525321361823984], [""1-0"", 0.09220160687683611]]",2026-04-17T13:38:50+00:00,artifacts/football_prediction_bundle.joblib,artifacts/sheet_predictions_cleaned.csv
18/04/2026,England,League One,Exeter City,Stockport County,,2026-04-17T13:39:15+00:00,20260417T133816Z,0.5579999999999999,0.44200000000000006,0.522774150739757,A,0.2583315151738189,0.24712806841713086,0.4945404164090502,3.7389407220140476,1.0822190082333873,1.8762474525286428,1-1,"[[""1-1"", 0.1053803446106871], [""1-2"", 0.09885980156119609], [""0-1"", 0.097374324243953]]",2026-04-17T13:38:50+00:00,artifacts/football_prediction_bundle.joblib,artifacts/sheet_predictions_cleaned.csv
18/04/2026,England,League One,Leyton Orient,Rotherham United,,2026-04-17T13:39:15+00:00,20260417T133816Z,0.505,0.495,0.4951322591726001,H,0.5808303740506927,0.2403698634899872,0.17879976245932025,3.7741177931506424,2.0114636435264743,0.8228210195072525,2-0,"[[""2-0"", 0.11887216966662348], [""1-0"", 0.11819469872019979], [""2-1"", 0.09781051983613022]]",2026-04-17T13:38:50+00:00,artifacts/football_prediction_bundle.joblib,artifacts/sheet_predictions_cleaned.csv
18/04/2026,England,League One,Mansfield Town,Luton Town,,2026-04-17T13:39:15+00:00,20260417T133816Z,0.5489999999999999,0.45100000000000007,0.5119829524788403,A,0.2809913685848958,0.25947946682122225,0.4595291645938818,3.915042118810911,1.2179201810769895,1.7309955294630082,1-1,"[[""1-1"", 0.1104630301681401], [""1-2"", 0.09560550569599396], [""0-1"", 0.09069808669272497]]",2026-04-17T13:38:50+00:00,artifacts/football_prediction_bundle.joblib,artifacts/sheet_predictions_cleaned.csv
18/04/2026,England,League One,Northampton Town,Doncaster Rovers,,2026-04-17T13:39:15+00:00,20260417T133816Z,0.524,0.476,0.48185436415050104,A,0.2156382274283239,0.23327047942270984,0.5510912931489664,3.639100799975796,1.0081544893029701,1.88000479263686,1-1,"[[""1-1"", 0.1055296276460517], [""0-1"", 0.10467604793290564], [""1-2"", 0.09919810286988025]]",2026-04-17T13:38:50+00:00,artifacts/football_prediction_bundle.joblib,artifacts/sheet_predictions_cleaned.csv
18/04/2026,England,League One,Reading,Cardiff City,,2026-04-17T13:39:15+00:00,20260417T133816Z,0.583,0.41700000000000004,0.5610819209489293,A,0.22157281322043487,0.22362852770436362,0.5547986590752015,3.6620079160189514,1.0867085830364922,1.881374925610636,1-1,"[[""1-1"", 0.10509115354994522], [""1-2"", 0.09885793059618206], [""0-1"", 0.09670592023511808]]",2026-04-17T13:38:50+00:00,artifacts/football_prediction_bundle.joblib,artifacts/sheet_predictions_cleaned.csv
18/04/2026,England,League One,Stevenage,Lincoln City,,2026-04-17T13:39:15+00:00,20260417T133816Z,0.385,0.615,0.3639223484739391,A,0.32210143397750257,0.3057416572671029,0.37215690875539453,3.963706437270829,1.1085175160909087,1.1827657632465718,1-1,"[[""1-1"", 0.1326018612558267], [""0-1"", 0.11962089848019336], [""1-0"", 0.11211168379768456]]",2026-04-17T13:38:50+00:00,artifacts/football_prediction_bundle.joblib,artifacts/sheet_predictions_cleaned.csv
18/04/2026,England,League One,Wycombe Wanderers,Blackpool,,2026-04-17T13:39:15+00:00,20260417T133816Z,0.532,0.46799999999999997,0.5540669538218903,H,0.5091531274770369,0.2536476109700248,0.2371992615529384,3.918191499294944,1.8299363693029527,1.089984149271554,1-1,"[[""1-1"", 0.10758477161460167], [""1-0"", 0.0987030606697368], [""2-1"", 0.09843664318035576]]",2026-04-17T13:38:50+00:00,artifacts/football_prediction_bundle.joblib,artifacts/sheet_predictions_cleaned.csv
18/04/2026,England,League Two,Barrow AFC,Walsall,,2026-04-17T13:39:15+00:00,20260417T133816Z,0.4379999999999999,0.562,0.43658582453818945,H,0.38835243688403426,0.28957177693661024,0.32207578617935556,3.7832833889985893,1.2780736663029202,1.168551806006228,1-1,"[[""1-1"", 0.12931470567859588], [""1-0"", 0.11066236431618391], [""0-1"", 0.10117938354262798]]",2026-04-17T13:38:50+00:00,artifacts/football_prediction_bundle.joblib,artifacts/sheet_predictions_cleaned.csv
18/04/2026,England,League Two,Cheltenham Town,Newport County,,2026-04-17T13:39:15+00:00,20260417T133816Z,0.46,0.54,0.45376537756064295,H,0.3931346605162151,0.2990920361521399,0.30777330333164504,4.189325854261213,1.2738144758785381,1.116183467511137,1-1,"[[""1-1"", 0.13028032912154314], [""1-0"", 0.11671945778953513], [""0-1"", 0.10227574861848698]]",2026-04-17T13:38:50+00:00,artifacts/football_prediction_bundle.joblib,artifacts/sheet_predictions_cleaned.csv
18/04/2026,England,League Two,Crawley Town,Shrewsbury Town,,2026-04-17T13:39:15+00:00,20260417T133816Z,0.462,0.538,0.44009897538094406,H,0.49360611103326363,0.2747124829643541,0.23168140600238235,3.7053789498370397,1.5274319414989437,0.9461889297210911,1-0,"[[""1-0"", 0.12873065339369238], [""1-1"", 0.12180351915687455], [""2-0"", 0.09831365592177758]]",2026-04-17T13:38:50+00:00,artifacts/football_prediction_bundle.joblib,artifacts/sheet_predictions_cleaned.csv
18/04/2026,England,League Two,Crewe Alexandra,Milton Keynes Dons,,2026-04-17T13:39:15+00:00,20260417T133816Z,0.521,0.479,0.5067850797955884,A,0.24556354698418714,0.258811970501008,0.49562448251480495,4.0162563519499495,1.0716651406448743,1.7714729828739597,1-1,"[[""1-1"", 0.11056926915434433], [""0-1"", 0.10317520367211842], [""1-2"", 0.09793523652152003]]",2026-04-17T13:38:50+00:00,artifacts/football_prediction_bundle.joblib,artifacts/sheet_predictions_cleaned.csv
18/04/2026,England,League Two,Fleetwood Town,Chesterfield,,2026-04-17T13:39:15+00:00,20260417T133816Z,0.512,0.488,0.5550224962318762,A,0.3101165767578616,0.27554084069186713,0.41434258255027123,4.042571865991998,1.2569702606828688,1.5485138239983411,1-1,"[[""1-1"", 0.11771554897789407], [""0-1"", 0.09365022599177744], [""1-2"", 0.09114207744591138]]",2026-04-17T13:38:50+00:00,artifacts/football_prediction_bundle.joblib,artifacts/sheet_predictions_cleaned.csv
18/04/2026,England,League Two,Gillingham,Grimsby Town,,2026-04-17T13:39:15+00:00,20260417T133816Z,0.462,0.538,0.45929505422470707,A,0.24697169882847944,0.2666459569965959,0.4863823441749247,4.129101222296171,0.9668573150699028,1.5822971649431126,0-1,"[[""0-1"", 0.12365290556323538], [""1-1"", 0.11955471627346201], [""0-2"", 0.0978278209548429]]",2026-04-17T13:38:50+00:00,artifacts/football_prediction_bundle.joblib,artifacts/sheet_predictions_cleaned.csv
18/04/2026,England,League Two,Harrogate Town,Colchester United,,2026-04-17T13:39:15+00:00,20260417T133816Z,0.48,0.52,0.43161685769990615,A,0.2966800432424593,0.2947597609782356,0.40856019577930514,3.9431420682784304,1.1010702043086713,1.389771405048569,1-1,"[[""1-1"", 0.1267650744894108], [""0-1"", 0.11512896633961933], [""1-0"", 0.0912128958970635]]",2026-04-17T13:38:50+00:00,artifacts/football_prediction_bundle.joblib,artifacts/sheet_predictions_cleaned.csv
18/04/2026,England,League Two,Notts County,Barnet,,2026-04-17T13:39:15+00:00,20260417T133816Z,0.48800000000000004,0.512,0.5000884037222812,H,0.40218404644945427,0.2871028486085768,0.310713104941969,3.6839755455522782,1.414968149323038,1.1708561331666307,1-1,"[[""1-1"", 0.12480758570632595], [""1-0"", 0.1065951504808524], [""2-1"", 0.08829937928417823]]",2026-04-17T13:38:50+00:00,artifacts/football_prediction_bundle.joblib,artifacts/sheet_predictions_cleaned.csv
18/04/2026,England,League Two,Oldham Athletic,Salford City,,2026-04-17T13:39:15+00:00,20260417T133816Z,0.5,0.5,0.49129917692260716,H,0.3545648540306167,0.29628143044789435,0.3491537155214891,3.9524861761476986,1.2400117320175814,1.3498895134417754,1-1,"[[""1-1"", 0.12558685885448698], [""0-1"", 0.10127876665339998], [""1-0"", 0.09303491700908298]]",2026-04-17T13:38:50+00:00,artifacts/football_prediction_bundle.joblib,artifacts/sheet_predictions_cleaned.csv
18/04/2026,England,League Two,Swindon Town,Accrington Stanley,,2026-04-17T13:39:15+00:00,20260417T133816Z,0.516,0.484,0.5248795568690996,H,0.573325891376617,0.23904004956099617,0.18763405906238673,3.8521766339649055,2.037698044980988,0.8818021885625849,2-0,"[[""2-0"", 0.1120280613497077], [""1-0"", 0.10995550751559262], [""2-1"", 0.09878658967859578]]",2026-04-17T13:38:50+00:00,artifacts/football_prediction_bundle.joblib,artifacts/sheet_predictions_cleaned.csv
18/04/2026,England,League Two,Tranmere Rovers,Bristol Rovers,,2026-04-17T13:39:15+00:00,20260417T133816Z,0.479,0.521,0.4713428914168773,A,0.3226865473892046,0.2862787367020384,0.39103471590875705,3.9431420682784304,1.2118351032610355,1.4103316209278909,1-1,"[[""1-1"", 0.12415729237537422], [""0-1"", 0.10245394942040238], [""1-0"", 0.08803411235556653]]",2026-04-17T13:38:50+00:00,artifacts/football_prediction_bundle.joblib,artifacts/sheet_predictions_cleaned.csv
18/04/2026,England,National League,Brackley Town,Aldershot Town,,2026-04-17T13:39:15+00:00,20260417T133816Z,0.564,0.43600000000000005,0.5768053225612854,A,0.31822624166684965,0.25646297596653356,0.42531078236661674,3.7408954680361353,1.4009036648073205,1.6945943190488326,1-1,"[[""1-1"", 0.10742771156057965], [""1-2"", 0.09102319485948743], [""0-1"", 0.07668458171629895]]",2026-04-17T13:38:50+00:00,artifacts/football_prediction_bundle.joblib,artifacts/sheet_predictions_cleaned.csv
18/04/2026,England,National League,Braintree Town,Rochdale,,2026-04-17T13:39:15+00:00,20260417T133816Z,0.598,0.402,0.6380154257196072,A,0.09870915495123175,0.16998043780345312,0.7313104072453152,3.1913813700660127,0.7897733846916957,2.3905880062264977,0-2,"[[""0-2"", 0.11878622324951355], [""0-1"", 0.09937824747729372], [""0-3"", 0.09465630686841008]]",2026-04-17T13:38:50+00:00,artifacts/football_prediction_bundle.joblib,artifacts/sheet_predictions_cleaned.csv
18/04/2026,England,National League,Eastleigh,Tamworth,,2026-04-17T13:39:15+00:00,20260417T133816Z,0.57,0.43000000000000005,0.5839178735657433,H,0.40214630888749603,0.2664809202686983,0.3313727708438058,3.5766971160150733,1.4482817967383417,1.3434385837754887,1-1,"[[""1-1"", 0.1193004640572852], [""1-0"", 0.08880232077451061], [""2-1"", 0.08639034521830148]]",2026-04-17T13:38:50+00:00,artifacts/football_prediction_bundle.joblib,artifacts/sheet_predictions_cleaned.csv
18/04/2026,England,National League,FC Halifax Town,Southend United,,2026-04-17T13:39:15+00:00,20260417T133816Z,0.52,0.48,0.472688234273153,A,0.263489329365175,0.2705747361735355,0.4659359344612895,3.848501154888649,1.0378584705554355,1.660500451696154,1-1,"[[""1-1"", 0.11600981711466987], [""0-1"", 0.11177807033032583], [""1-2"", 0.09631717686004877]]",2026-04-17T13:38:50+00:00,artifacts/football_prediction_bundle.joblib,artifacts/sheet_predictions_cleaned.csv
18/04/2026,England,National League,Gateshead,Woking,,2026-04-17T13:39:15+00:00,20260417T133816Z,0.57,0.43000000000000005,0.5810828393457693,H,0.41241362186192676,0.2688107313523355,0.3187756467857376,3.903161726794849,1.509898439015491,1.3518093897000303,1-1,"[[""1-1"", 0.11669151439108597], [""2-1"", 0.0880961677127272], [""1-0"", 0.08632246179099266]]",2026-04-17T13:38:50+00:00,artifacts/football_prediction_bundle.joblib,artifacts/sheet_predictions_cleaned.csv
18/04/2026,England,National League,Hartlepool United,Forest Green Rovers,,2026-04-17T13:39:15+00:00,20260417T133816Z,0.56,0.43999999999999995,0.5177613842216912,A,0.27108312191361744,0.25978932034341334,0.46912755774296916,3.8370259695421294,1.1455642744252386,1.8220526122629228,1-1,"[[""1-1"", 0.10733978873094567], [""1-2"", 0.0977893712284849], [""0-1"", 0.09370036332950504]]",2026-04-17T13:38:50+00:00,artifacts/football_prediction_bundle.joblib,artifacts/sheet_predictions_cleaned.csv
18/04/2026,England,National League,Morecambe,Boreham Wood,,2026-04-17T13:39:15+00:00,20260417T133816Z,0.703,0.29700000000000004,0.6570105045330163,A,0.19706347452800593,0.20921215541955893,0.5937243700524352,2.9084777076839163,1.103474865269946,2.1489938859484368,1-2,"[[""1-2"", 0.098553846280036], [""1-1"", 0.0917209182626783], [""0-2"", 0.0893122710646667]]",2026-04-17T13:38:50+00:00,artifacts/football_prediction_bundle.joblib,artifacts/sheet_predictions_cleaned.csv
18/04/2026,England,National League,Solihull Moors,Boston United,,2026-04-17T13:39:15+00:00,20260417T133816Z,0.56,0.43999999999999995,0.5419433532499587,H,0.4174299577418855,0.2738674227321532,0.30870261952596134,3.949215241461101,1.458273841539785,1.2907575416423867,1-1,"[[""1-1"", 0.1204466142310519], [""1-0"", 0.0933146701415303], [""2-1"", 0.08782207341758827]]",2026-04-17T13:38:50+00:00,artifacts/football_prediction_bundle.joblib,artifacts/sheet_predictions_cleaned.csv
18/04/2026,England,National League,Sutton United,Altrincham,,2026-04-17T13:39:15+00:00,20260417T133816Z,0.618,0.382,0.6007438489639045,H,0.46792144371405,0.25015545743477213,0.28192309885117794,3.8136485239412314,1.8348686191102617,1.2646504726925272,1-1,"[[""1-1"", 0.10458549247410993], [""2-1"", 0.09595031907746839], [""1-0"", 0.08269912891539136]]",2026-04-17T13:38:50+00:00,artifacts/football_prediction_bundle.joblib,artifacts/sheet_predictions_cleaned.csv
18/04/2026,England,National League,Truro City,Carlisle United,,2026-04-17T13:39:15+00:00,20260417T133816Z,0.494,0.506,0.441332520569353,A,0.23686480605006638,0.25928041775426725,0.5038547761956664,3.8058944138111475,0.9786692043324581,1.6932337680269465,0-1,"[[""0-1"", 0.11703727565595014], [""1-1"", 0.11454077744344728], [""0-2"", 0.09908573362926643]]",2026-04-17T13:38:50+00:00,artifacts/football_prediction_bundle.joblib,artifacts/sheet_predictions_cleaned.csv
18/04/2026,England,National League,Wealdstone,Scunthorpe United,,2026-04-17T13:39:15+00:00,20260417T133816Z,0.6,0.4,0.6261486339324152,A,0.36510155140605816,0.24870197152145912,0.38619647707248284,3.5864767563838993,1.5207018971152775,1.6939465148418078,1-1,"[[""1-1"", 0.10347601970147045], [""1-2"", 0.08764142147150407], [""2-1"", 0.07867808973298197]]",2026-04-17T13:38:50+00:00,artifacts/football_prediction_bundle.joblib,artifacts/sheet_predictions_cleaned.csv
18/04/2026,England,National League,York City,Yeovil Town,,2026-04-17T13:39:15+00:00,20260417T133816Z,0.7070000000000001,0.2929999999999999,0.6012703463494614,H,0.8462093100427543,0.10739837687915463,0.04639231307809118,2.823672058924007,2.8248218021975156,0.5572719593848285,2-0,"[[""2-0"", 0.13555871999191638], [""3-0"", 0.12764307590371787], [""1-0"", 0.09597682932527715]]",2026-04-17T13:38:50+00:00,artifacts/football_prediction_bundle.joblib,artifacts/sheet_predictions_cleaned.csv
18/04/2026,England,Premier League,Brentford,Fulham,,2026-04-17T13:39:15+00:00,20260417T133816Z,0.545,0.45499999999999996,0.5927405490738574,H,0.45590051855860575,0.2588350525065985,0.28526442893479587,3.7462130350628784,1.655733324441361,1.2339707951357524,1-1,"[[""1-1"", 0.11358283844079532], [""2-1"", 0.09403144534553204], [""1-0"", 0.09204661803061537]]",2026-04-17T13:38:50+00:00,artifacts/football_prediction_bundle.joblib,artifacts/sheet_predictions_cleaned.csv
18/04/2026,England,Premier League,Chelsea,Manchester United,,2026-04-17T13:39:15+00:00,20260417T133816Z,0.614,0.386,0.5257258488557872,H,0.4349007958253083,0.262239496417847,0.3028597077568448,3.960315707570327,1.698947329995466,1.3483456830936023,1-1,"[[""1-1"", 0.10878239694965088], [""2-1"", 0.09240778142405816], [""1-0"", 0.08067841823772072]]",2026-04-17T13:38:50+00:00,artifacts/football_prediction_bundle.joblib,artifacts/sheet_predictions_cleaned.csv
18/04/2026,England,Premier League,Leeds United,Wolverhampton,,2026-04-17T13:39:15+00:00,20260417T133816Z,0.507,0.493,0.5275994750825057,H,0.6047642716766799,0.23496956720010936,0.16026616112321074,3.956167268048358,1.9802171619996773,0.7992729375450017,1-0,"[[""1-0"", 0.122912374113214], [""2-0"", 0.12169659632055561], [""1-1"", 0.09824053431809879]]",2026-04-17T13:38:50+00:00,artifacts/football_prediction_bundle.joblib,artifacts/sheet_predictions_cleaned.csv
18/04/2026,England,Premier League,Newcastle United,Bournemouth,,2026-04-17T13:39:15+00:00,20260417T133816Z,0.64,0.36,0.582271030671129,H,0.46773161336177294,0.25902663692244343,0.2732417497157837,4.196190306757872,1.7507929446206894,1.2692449036878763,1-1,"[[""1-1"", 0.1084412321227087], [""2-1"", 0.09492907205320641], [""1-0"", 0.0854375950674495]]",2026-04-17T13:38:50+00:00,artifacts/football_prediction_bundle.joblib,artifacts/sheet_predictions_cleaned.csv
18/04/2026,England,Premier League,Tottenham Hotspur,Brighton & Hove Albion,,2026-04-17T13:39:15+00:00,20260417T133816Z,0.57,0.43000000000000005,0.5867388471992978,A,0.3259702778763427,0.2587568869335265,0.4152728351901307,3.931384689428829,1.3665352765922738,1.7221458632662914,1-1,"[[""1-1"", 0.10722439506078055], [""1-2"", 0.09232802419757688], [""0-1"", 0.07846441793157788]]",2026-04-17T13:38:50+00:00,artifacts/football_prediction_bundle.joblib,artifacts/sheet_predictions_cleaned.csv
18/04/2026,Finland,Veikkausliiga,AC Oulu,VPS,,2026-04-17T13:39:15+00:00,20260417T133816Z,0.8130000000000001,0.18699999999999994,0.7847360995074649,H,0.4959726932087367,0.10653401631958434,0.397493290471679,2.5311454703479903,2.2655968743397885,2.507069354923339,2-2,"[[""2-2"", 0.06821743279406461], [""1-2"", 0.06022027445985392], [""2-3"", 0.057008611743180594]]",2026-04-17T13:38:50+00:00,artifacts/football_prediction_bundle.joblib,artifacts/sheet_predictions_cleaned.csv
18/04/2026,Finland,Veikkausliiga,FC Lahti,Inter Turku,,2026-04-17T13:39:15+00:00,20260417T133816Z,0.449,0.5509999999999999,0.43657868226260715,A,0.23696384678279445,0.281251349892588,0.4817848033246177,3.812509332361548,1.0005548919837224,1.511130030057828,1-1,"[[""1-1"", 0.12266816084733523], [""0-1"", 0.12260013101743034], [""1-2"", 0.09268377079418609]]",2026-04-17T13:38:50+00:00,artifacts/football_prediction_bundle.joblib,artifacts/sheet_predictions_cleaned.csv
18/04/2026,Finland,Veikkausliiga,FF Jaro,KuPS,,2026-04-17T13:39:15+00:00,20260417T133816Z,0.579,0.42100000000000004,0.5159602912616089,A,0.16523615681605056,0.22105897239503397,0.6137048707889154,3.726170995337448,0.9963870417190227,2.001343341233887,0-2,"[[""0-2"", 0.09993449955046241], [""0-1"", 0.09986742153782555], [""1-2"", 0.09957344037275624]]",2026-04-17T13:38:50+00:00,artifacts/football_prediction_bundle.joblib,artifacts/sheet_predictions_cleaned.csv
18/04/2026,Finland,Veikkausliiga,IF Gnistan,HJK,,2026-04-17T13:39:15+00:00,20260417T133816Z,0.662,0.33799999999999997,0.624821870045188,A,0.18370835756825307,0.21285713512508986,0.6034345073066572,3.5064744693000374,1.0895595218493381,2.0563440345635198,1-2,"[[""1-2"", 0.09912060879907614], [""1-1"", 0.09640469409109892], [""0-2"", 0.090973101341757]]",2026-04-17T13:38:50+00:00,artifacts/football_prediction_bundle.joblib,artifacts/sheet_predictions_cleaned.csv
18/04/2026,Finland,Veikkausliiga,IFK Mariehamn,Ilves,,2026-04-17T13:39:15+00:00,20260417T133816Z,0.573,0.42700000000000005,0.5451951756855832,A,0.18930304961355168,0.24329360782357892,0.5674033425628694,3.654928895221659,0.9406664727919019,1.9230031136468915,0-1,"[[""0-1"", 0.10972462065231156], [""0-2"", 0.10550039357905958], [""1-1"", 0.1032142718874394]]",2026-04-17T13:38:50+00:00,artifacts/football_prediction_bundle.joblib,artifacts/sheet_predictions_cleaned.csv
18/04/2026,Finland,Veikkausliiga,TPS,SJK,,2026-04-17T13:39:15+00:00,20260417T133816Z,0.8290000000000001,0.17099999999999993,0.7905838614440491,A,0.39797392504376056,0.12388469987201288,0.47814137508422666,2.758931029376895,1.6972978267395473,2.6167615077764337,1-2,"[[""1-2"", 0.07774709691338023], [""1-3"", 0.06781520351476579], [""2-2"", 0.06597998931319463]]",2026-04-17T13:38:50+00:00,artifacts/football_prediction_bundle.joblib,artifacts/sheet_predictions_cleaned.csv
18/04/2026,Finland,Ykkösliiga,Jippo Joensuu,KTP,,2026-04-17T13:39:15+00:00,20260417T133816Z,0.8290000000000001,0.17099999999999993,0.7526461858333621,A,0.4154837310975532,0.13088793037881077,0.4536283385236361,2.7459963696265874,1.8806990697936334,2.3756669688443637,1-2,"[[""1-2"", 0.07522187406936186], [""2-2"", 0.07073485429519134], [""1-1"", 0.06332695201461956]]",2026-04-17T13:38:50+00:00,artifacts/football_prediction_bundle.joblib,artifacts/sheet_predictions_cleaned.csv
18/04/2026,France,Ligue 1,Angers,Le Havre,,2026-04-17T13:39:15+00:00,20260417T133816Z,0.4,0.6,0.4301645688323648,A,0.3279703253160482,0.3164502544179931,0.3555794202659586,3.838370937427815,1.0783422399529252,1.2287090565204284,1-1,"[[""1-1"", 0.13190644905620824], [""0-1"", 0.12232336281472808], [""1-0"", 0.10735368829277867]]",2026-04-17T13:38:50+00:00,artifacts/football_prediction_bundle.joblib,artifacts/sheet_predictions_cleaned.csv
18/04/2026,France,Ligue 1,Lille,Nice,,2026-04-17T13:39:15+00:00,20260417T133816Z,0.5329999999999999,0.4670000000000001,0.5580416661122983,H,0.6386757529912609,0.22055328819143818,0.14077095881730092,4.007082582846027,2.0212727056280486,0.8197882250711345,2-0,"[[""2-0"", 0.1192237402929437], [""1-0"", 0.11796898059423266], [""2-1"", 0.09773821844109422]]",2026-04-17T13:38:50+00:00,artifacts/football_prediction_bundle.joblib,artifacts/sheet_predictions_cleaned.csv
18/04/2026,France,Ligue 1,Lorient,Olympique de Marseille,,2026-04-17T13:39:15+00:00,20260417T133816Z,0.568,0.43200000000000005,0.5574126844943538,A,0.23293369469983569,0.23211500083616884,0.5349513044639955,3.511118889179655,1.0357145539303647,1.8830581940711462,1-1,"[[""1-1"", 0.10531662236858333], [""0-1"", 0.10168498836761948], [""1-2"", 0.09915866436152869]]",2026-04-17T13:38:50+00:00,artifacts/football_prediction_bundle.joblib,artifacts/sheet_predictions_cleaned.csv
18/04/2026,France,Ligue 2,Bastia,Saint-Étienne,,2026-04-17T13:39:15+00:00,20260417T133816Z,0.466,0.534,0.45868501288200364,A,0.26035341192653766,0.2760820618007329,0.4635645262727295,4.322870786243632,1.0617464980073246,1.451184623539053,1-1,"[[""1-1"", 0.12485081617584166], [""0-1"", 0.11759004283052542], [""1-2"", 0.09059079233534116]]",2026-04-17T13:38:50+00:00,artifacts/football_prediction_bundle.joblib,artifacts/sheet_predictions_cleaned.csv
18/04/2026,France,Ligue 2,Stade de Reims,Red Star FC,,2026-04-17T13:39:15+00:00,20260417T133816Z,0.46,0.54,0.4318651579671968,H,0.4916169780953521,0.2812415660479927,0.22714145585665518,3.96102594517507,1.472771921553194,0.9653984453663522,1-0,"[[""1-0"", 0.12860313612201402], [""1-1"", 0.12415326768142972], [""2-0"", 0.09470154395209279]]",2026-04-17T13:38:50+00:00,artifacts/football_prediction_bundle.joblib,artifacts/sheet_predictions_cleaned.csv
18/04/2026,France,Ligue 2,Troyes,US Boulogne Côte-d'Opale,,2026-04-17T13:39:15+00:00,20260417T133816Z,0.519,0.481,0.5270657683694352,H,0.6303744318677991,0.2222268297553503,0.14739873837685064,4.007422095218916,2.080478698709151,0.7380252024996019,2-0,"[[""2-0"", 0.12919207092326324], [""1-0"", 0.12419456253353756], [""2-1"", 0.09534700430448428]]",2026-04-17T13:38:50+00:00,artifacts/football_prediction_bundle.joblib,artifacts/sheet_predictions_cleaned.csv
18/04/2026,Germany,2. Bundesliga,1. FC Magdeburg,Fortuna Düsseldorf,,2026-04-17T13:39:15+00:00,20260417T133816Z,0.625,0.375,0.564170303267771,H,0.4460215996118056,0.2604360369459966,0.2935423634421977,3.9127371209082935,1.723208125925162,1.2839198585704765,1-1,"[[""1-1"", 0.1093695839601992], [""2-1"", 0.09423327790463476], [""1-0"", 0.08518412051198576]]",2026-04-17T13:38:50+00:00,artifacts/football_prediction_bundle.joblib,artifacts/sheet_predictions_cleaned.csv
18/04/2026,Germany,2. Bundesliga,Arminia Bielefeld,1. FC Nürnberg,,2026-04-17T13:39:15+00:00,20260417T133816Z,0.561,0.43899999999999995,0.5474986146798619,H,0.47759748096009597,0.26546822829832184,0.2569342907415822,3.949215241461101,1.7033278939974588,1.194736874885386,1-1,"[[""1-1"", 0.11219073400491242], [""2-1"", 0.09554880333930826], [""1-0"", 0.09390413601796223]]",2026-04-17T13:38:50+00:00,artifacts/football_prediction_bundle.joblib,artifacts/sheet_predictions_cleaned.csv
18/04/2026,Germany,2. Bundesliga,Hannover 96,SC Paderborn 07,,2026-04-17T13:39:15+00:00,20260417T133816Z,0.598,0.402,0.546667966757245,H,0.4176830778404374,0.2623660838707892,0.3199508382887733,3.949215241461101,1.6195602025050047,1.360964170610679,1-1,"[[""1-1"", 0.11189701460837596], [""2-1"", 0.09061197581942343], [""1-0"", 0.08221892759907602]]",2026-04-17T13:38:50+00:00,artifacts/football_prediction_bundle.joblib,artifacts/sheet_predictions_cleaned.csv
18/04/2026,Germany,2. Bundesliga,SG Dynamo Dresden,VfL Bochum 1848,,2026-04-17T13:39:15+00:00,20260417T133816Z,0.5930000000000001,0.4069999999999999,0.553012370927291,H,0.3959596178666021,0.2562346237248496,0.3478057584085482,3.9043014601123627,1.6167726768017567,1.508814124565701,1-1,"[[""1-1"", 0.10711729610599512], [""2-1"", 0.08659215877852805], [""1-2"", 0.08081004467500601]]",2026-04-17T13:38:50+00:00,artifacts/football_prediction_bundle.joblib,artifacts/sheet_predictions_cleaned.csv
18/04/2026,Germany,Bundesliga,1. FC Union Berlin,VfL Wolfsburg,,2026-04-17T13:39:15+00:00,20260417T133816Z,0.511,0.489,0.49778009250734945,H,0.42603150570146864,0.2734219252675171,0.3005465690310144,3.96102594517507,1.541662475315312,1.2345743192448724,1-1,"[[""1-1"", 0.11852288661170951], [""1-0"", 0.09600303907520454], [""2-1"", 0.09136114337766209]]",2026-04-17T13:38:50+00:00,artifacts/football_prediction_bundle.joblib,artifacts/sheet_predictions_cleaned.csv
18/04/2026,Germany,Bundesliga,Bayer 04 Leverkusen,FC Augsburg,,2026-04-17T13:39:15+00:00,20260417T133816Z,0.656,0.344,0.6036079056321497,H,0.6950495083355673,0.18214496342919892,0.12280552823523384,3.774597779835022,2.3910903583708243,0.7618975770855747,2-0,"[[""2-0"", 0.12213403883042608], [""1-0"", 0.10215761056695691], [""3-0"", 0.09734450755877319]]",2026-04-17T13:38:50+00:00,artifacts/football_prediction_bundle.joblib,artifacts/sheet_predictions_cleaned.csv
18/04/2026,Germany,Bundesliga,Eintracht Frankfurt,RB Leipzig,,2026-04-17T13:39:15+00:00,20260417T133816Z,0.656,0.344,0.6085954671497711,A,0.25503922254732714,0.2412778909182577,0.5036828865344152,3.8508424528926013,1.1735289040866943,1.887731161287604,1-1,"[[""1-1"", 0.10373984185418827], [""1-2"", 0.09791646606759961], [""0-1"", 0.08839990348164829]]",2026-04-17T13:38:50+00:00,artifacts/football_prediction_bundle.joblib,artifacts/sheet_predictions_cleaned.csv
18/04/2026,Germany,Bundesliga,SV Werder Bremen,Hamburger SV,,2026-04-17T13:39:15+00:00,20260417T133816Z,0.551,0.44899999999999995,0.5417611467387031,H,0.47586863136789,0.26911362659729127,0.2550177420348188,3.949215241461101,1.6856689794225626,1.1708417976348016,1-1,"[[""1-1"", 0.11342365672457004], [""1-0"", 0.09687359723038186], [""2-1"", 0.09559736983664052]]",2026-04-17T13:38:50+00:00,artifacts/football_prediction_bundle.joblib,artifacts/sheet_predictions_cleaned.csv
18/04/2026,Germany,Bundesliga,TSG Hoffenheim,Borussia Dortmund,,2026-04-17T13:39:15+00:00,20260417T133816Z,0.638,0.362,0.5910867916037577,A,0.3518784044306957,0.2416655268748153,0.406456068694489,3.851182460567125,1.557472834803306,1.7385059400359983,1-1,"[[""1-1"", 0.10027005773696383], [""1-2"", 0.08716004549173206], [""2-1"", 0.07808394553474012]]",2026-04-17T13:38:50+00:00,artifacts/football_prediction_bundle.joblib,artifacts/sheet_predictions_cleaned.csv
18/04/2026,Greece,Stoiximan Super League,AE Kifisia,Asteras Aktor,,2026-04-17T13:39:15+00:00,20260417T133816Z,0.432,0.5680000000000001,0.3524297962049306,H,0.46945358481581084,0.30178601851449827,0.228760396669691,3.96102594517507,1.3553459460138082,0.8469622323207296,1-0,"[[""1-0"", 0.14983037683030676], [""1-1"", 0.12690067042965272], [""0-0"", 0.11054769984812443]]",2026-04-17T13:38:50+00:00,artifacts/football_prediction_bundle.joblib,artifacts/sheet_predictions_cleaned.csv
18/04/2026,Greece,Stoiximan Super League,Aris Thessaloniki,NPS Volos,,2026-04-17T13:39:15+00:00,20260417T133816Z,0.457,0.5429999999999999,0.4192890457857464,H,0.5685941408313584,0.26494465784106436,0.16646120132757725,3.96102594517507,1.6407650475289366,0.7600716442330966,1-0,"[[""1-0"", 0.14872236009581197], [""2-0"", 0.12200922511561027], [""1-1"", 0.11303964877225048]]",2026-04-17T13:38:50+00:00,artifacts/football_prediction_bundle.joblib,artifacts/sheet_predictions_cleaned.csv
18/04/2026,Greece,Stoiximan Super League,Atromitos Athens,AE Larisa,,2026-04-17T13:39:15+00:00,20260417T133816Z,0.389,0.611,0.3430047670125437,H,0.45604839740066067,0.31533425416189265,0.2286173484374468,4.058214916622397,1.287562050672663,0.7881849898048032,1-0,"[[""1-0"", 0.16154096852924582], [""1-1"", 0.12732416663328167], [""0-0"", 0.12546266678553608]]",2026-04-17T13:38:50+00:00,artifacts/football_prediction_bundle.joblib,artifacts/sheet_predictions_cleaned.csv
18/04/2026,Greece,Stoiximan Super League,OFI Crete,APO Levadiakos,,2026-04-17T13:39:15+00:00,20260417T133816Z,0.474,0.526,0.49062450772672617,A,0.31852679607566764,0.3043357624656659,0.3771374414586664,4.144848654122052,1.2028763632562163,1.2963497864607176,1-1,"[[""1-1"", 0.12809821133460655], [""0-1"", 0.10649324838991889], [""1-0"", 0.09881454270481975]]",2026-04-17T13:38:50+00:00,artifacts/football_prediction_bundle.joblib,artifacts/sheet_predictions_cleaned.csv
18/04/2026,Greece,Stoiximan Super League,Panetolikos,MGS Panserraikos,,2026-04-17T13:39:15+00:00,20260417T133816Z,0.402,0.598,0.38655146982988176,H,0.5316659799858305,0.28089860283839296,0.18743541717577653,4.140237335526908,1.4795451206433736,0.7907068060021597,1-0,"[[""1-0"", 0.15281652853975014], [""1-1"", 0.12083306918600373], [""2-0"", 0.11304947457732309]]",2026-04-17T13:38:50+00:00,artifacts/football_prediction_bundle.joblib,artifacts/sheet_predictions_cleaned.csv
18/04/2026,Italy,Serie A,Napoli,Lazio,,2026-04-17T13:39:15+00:00,20260417T133816Z,0.436,0.5640000000000001,0.5010661906291821,H,0.6322005120486347,0.23309551259385525,0.1347039753575101,3.58087790517491,1.9553803759315347,0.7522111374372198,1-0,"[[""1-0"", 0.130418499377083], [""2-0"", 0.1275088871701936], [""1-1"", 0.09810224775929094]]",2026-04-17T13:38:50+00:00,artifacts/football_prediction_bundle.joblib,artifacts/sheet_predictions_cleaned.csv
18/04/2026,Italy,Serie A,Roma,Atalanta,,2026-04-17T13:39:15+00:00,20260417T133816Z,0.47300000000000003,0.5269999999999999,0.47731241300766253,H,0.39017949995128465,0.290614285537289,0.3192062145114264,4.1391249310735825,1.3511225436407055,1.1642796288097164,1-1,"[[""1-1"", 0.12715304232906308], [""1-0"", 0.10921177282733709], [""0-1"", 0.09410918567492721]]",2026-04-17T13:38:50+00:00,artifacts/football_prediction_bundle.joblib,artifacts/sheet_predictions_cleaned.csv
18/04/2026,Italy,Serie A,Udinese,Parma,,2026-04-17T13:39:15+00:00,20260417T133816Z,0.407,0.593,0.3978966240795092,H,0.44572080714170603,0.3160737228518024,0.23820547000649156,3.98649550521498,1.264978319101284,0.8409162637822913,1-0,"[[""1-0"", 0.15399431391171986], [""1-1"", 0.1294963230983608], [""0-0"", 0.12173672195514514]]",2026-04-17T13:38:50+00:00,artifacts/football_prediction_bundle.joblib,artifacts/sheet_predictions_cleaned.csv
18/04/2026,Italy,Serie B,Bari,Venezia,,2026-04-17T13:39:15+00:00,20260417T133816Z,0.6010000000000001,0.3989999999999999,0.646263533840414,A,0.14575693541835094,0.2087852273625551,0.645457837219094,3.7230813363239856,0.8901646444183562,2.1721707875031133,0-2,"[[""0-2"", 0.11035768003719863], [""0-1"", 0.10161050012467351], [""1-2"", 0.09823650500914766]]",2026-04-17T13:38:50+00:00,artifacts/football_prediction_bundle.joblib,artifacts/sheet_predictions_cleaned.csv
18/04/2026,Italy,Serie B,Juve Stabia,Catanzaro,,2026-04-17T13:39:15+00:00,20260417T133816Z,0.4539999999999999,0.546,0.4579209517180134,H,0.40189984230638454,0.29418922687580384,0.3039109308178116,4.241552253902568,1.3860076019643346,1.1198406772791987,1-1,"[[""1-1"", 0.12666183366814512], [""1-0"", 0.11310701266530775], [""0-1"", 0.09138610314159334]]",2026-04-17T13:38:50+00:00,artifacts/football_prediction_bundle.joblib,artifacts/sheet_predictions_cleaned.csv
18/04/2026,Italy,Serie B,Mantova,Avellino,,2026-04-17T13:39:15+00:00,20260417T133816Z,0.46099999999999997,0.539,0.4867577960016895,H,0.4212764047496216,0.3027863016290126,0.27593729362136593,5.370881729409678,1.351898097036523,1.01028987535647,1-1,"[[""1-1"", 0.12867813440606235], [""1-0"", 0.1273675383123677], [""0-1"", 0.0951833090734693]]",2026-04-17T13:38:50+00:00,artifacts/football_prediction_bundle.joblib,artifacts/sheet_predictions_cleaned.csv
18/04/2026,Italy,Serie B,Modena,Frosinone,,2026-04-17T13:39:15+00:00,20260417T133816Z,0.5529999999999999,0.44700000000000006,0.5886601563175883,H,0.37277620834870095,0.2793340102738829,0.3478897813774162,4.243390496798722,1.4201946202571725,1.5386920671709061,1-1,"[[""1-1"", 0.11336302260792902], [""1-2"", 0.08721539179866825], [""2-1"", 0.08049877742193651]]",2026-04-17T13:38:50+00:00,artifacts/football_prediction_bundle.joblib,artifacts/sheet_predictions_cleaned.csv
18/04/2026,Italy,Serie B,Palermo,Cesena,,2026-04-17T13:39:15+00:00,20260417T133816Z,0.551,0.44899999999999995,0.5912276356033832,H,0.60682688170979,0.22916249833001034,0.16401061996019967,4.749208064567857,2.036482252217903,0.8988461988102083,2-0,"[[""2-0"", 0.11013727186667165], [""1-0"", 0.10816423442602828], [""2-1"", 0.09899646816468431]]",2026-04-17T13:38:50+00:00,artifacts/football_prediction_bundle.joblib,artifacts/sheet_predictions_cleaned.csv
18/04/2026,Italy,Serie B,Spezia,Südtirol,,2026-04-17T13:39:15+00:00,20260417T133816Z,0.447,0.5529999999999999,0.4170360309894582,H,0.40232029818600623,0.2948185820432198,0.3028611197707739,4.829139712579825,1.3185750992807996,1.093603414322416,1-1,"[[""1-1"", 0.12923165605012618], [""1-0"", 0.1181704943104961], [""0-1"", 0.09800856706653567]]",2026-04-17T13:38:50+00:00,artifacts/football_prediction_bundle.joblib,artifacts/sheet_predictions_cleaned.csv
18/04/2026,Japan,J1 League,Cerezo Osaka,Kyoto Sanga FC,,2026-04-17T13:39:15+00:00,20260417T133816Z,0.561,0.43899999999999995,0.553705494958207,H,0.41837348955545084,0.26334092136678144,0.3182855890777677,3.886863614913757,1.5177753069111102,1.3115323449340859,1-1,"[[""1-1"", 0.11755301914315747], [""1-0"", 0.08963028597595538], [""2-1"", 0.0892095348541667]]",2026-04-17T13:38:50+00:00,artifacts/football_prediction_bundle.joblib,artifacts/sheet_predictions_cleaned.csv
18/04/2026,Japan,J1 League,Kashima Antlers,Urawa Red Diamonds,,2026-04-17T13:39:15+00:00,20260417T133816Z,0.489,0.511,0.44328950625739433,H,0.4875953551634058,0.26537560172484304,0.2470290431117512,3.8217049247383224,1.6127155906368906,1.056675669097817,1-1,"[[""1-1"", 0.11808577869338821], [""1-0"", 0.11175215077508986], [""2-1"", 0.09521938816566236]]",2026-04-17T13:38:50+00:00,artifacts/football_prediction_bundle.joblib,artifacts/sheet_predictions_cleaned.csv
18/04/2026,Japan,J1 League,Sanfrecce Hiroshima,V-Varen Nagasaki,,2026-04-17T13:39:15+00:00,20260417T133816Z,0.557,0.44299999999999995,0.6023077912346748,H,0.6350074693450481,0.2156732300397317,0.14931930061522017,3.5639033921464662,2.139138925710095,0.8406131129154136,2-0,"[[""2-0"", 0.11624067353477355], [""1-0"", 0.10867987313744669], [""2-1"", 0.09771343442745033]]",2026-04-17T13:38:50+00:00,artifacts/football_prediction_bundle.joblib,artifacts/sheet_predictions_cleaned.csv
18/04/2026,Japan,J1 League,Tokyo Verdy,JEF United Chiba,,2026-04-17T13:39:15+00:00,20260417T133816Z,0.39,0.61,0.3678931925008348,H,0.4003190879739589,0.31196308718261023,0.28771782484343106,4.058214916622397,1.2080396354525522,1.0332160063127769,1-1,"[[""1-1"", 0.13271113131055604], [""1-0"", 0.12844471097980795], [""0-1"", 0.10985660355493236]]",2026-04-17T13:38:50+00:00,artifacts/football_prediction_bundle.joblib,artifacts/sheet_predictions_cleaned.csv
18/04/2026,Japan,J1 League,Yokohama F. Marinos,Kawasaki Frontale,,2026-04-17T13:39:15+00:00,20260417T133816Z,0.569,0.43100000000000005,0.5879179804341749,A,0.3343249085197697,0.2764801523798999,0.3891949391003304,3.837305696978598,1.3669708165830619,1.6355589181066212,1-1,"[[""1-1"", 0.1110307672307686], [""1-2"", 0.090798680764252], [""0-1"", 0.0812239485172813]]",2026-04-17T13:38:50+00:00,artifacts/football_prediction_bundle.joblib,artifacts/sheet_predictions_cleaned.csv
18/04/2026,Mexico,"Liga MX, Clausura",Atlético San Luis,Pumas UNAM,,2026-04-17T13:39:15+00:00,20260417T133816Z,0.552,0.44799999999999995,0.5449960215120253,A,0.33214072106750314,0.27535070603910666,0.39250857289339014,3.931384689428829,1.3199525925543298,1.621933020729351,1-1,"[[""1-1"", 0.11296569036411327], [""1-2"", 0.09161139170552139], [""0-1"", 0.08558314215323878]]",2026-04-17T13:38:50+00:00,artifacts/football_prediction_bundle.joblib,artifacts/sheet_predictions_cleaned.csv
18/04/2026,Mexico,"Liga MX, Clausura",Club Necaxa,Tigres UANL,,2026-04-17T13:39:15+00:00,20260417T133816Z,0.528,0.472,0.5280564920034264,A,0.24438102640696943,0.26772000138680213,0.48789897220622835,3.7951051441512416,1.1038325382859717,1.7545471367885586,1-1,"[[""1-1"", 0.1110937718174377], [""0-1"", 0.10064368277270012], [""1-2"", 0.09745962962866338]]",2026-04-17T13:38:50+00:00,artifacts/football_prediction_bundle.joblib,artifacts/sheet_predictions_cleaned.csv
18/04/2026,Mexico,"Liga MX, Clausura",Cruz Azul,Club Tijuana,,2026-04-17T13:39:15+00:00,20260417T133816Z,0.642,0.358,0.6776582910634608,H,0.6671469004834263,0.19663007539316124,0.13622302412341245,3.405856736150401,2.418122456212494,0.8785633001430894,2-0,"[[""2-0"", 0.1081917516511176], [""2-1"", 0.09505330237886742], [""1-0"", 0.08948409653378626]]",2026-04-17T13:38:50+00:00,artifacts/football_prediction_bundle.joblib,artifacts/sheet_predictions_cleaned.csv
18/04/2026,Mexico,"Liga MX, Clausura",Mazatlán FC,Querétaro FC,,2026-04-17T13:39:15+00:00,20260417T133816Z,0.512,0.488,0.502824572456509,A,0.32563643040515544,0.29797935144022714,0.3763842181546175,3.9431420682784304,1.2126855222803954,1.3995063990604892,1-1,"[[""1-1"", 0.12452671860959913], [""0-1"", 0.102686736438836], [""1-0"", 0.08897902767232496]]",2026-04-17T13:38:50+00:00,artifacts/football_prediction_bundle.joblib,artifacts/sheet_predictions_cleaned.csv
18/04/2026,Norway,Eliteserien,Bodø/Glimt,Aalesunds FK,,2026-04-17T13:39:15+00:00,20260417T133816Z,0.767,0.23299999999999998,0.6490280601940824,H,0.8270292019367915,0.11039702990452778,0.06257376815868068,2.517772123471777,2.8248218021975156,0.5781604794296223,2-0,"[[""2-0"", 0.1327564682890804], [""3-0"", 0.1250044553352458], [""1-0"", 0.09399280916467372]]",2026-04-17T13:38:50+00:00,artifacts/football_prediction_bundle.joblib,artifacts/sheet_predictions_cleaned.csv
18/04/2026,Norway,Eliteserien,Sandefjord Fotball,Rosenborg BK,,2026-04-17T13:39:15+00:00,20260417T133816Z,0.586,0.41400000000000003,0.5602370117455001,H,0.4534421862515121,0.2614815464791639,0.28507626726932406,3.949215241461101,1.7326369269193194,1.2327397873081467,1-1,"[[""1-1"", 0.11008603645006387], [""2-1"", 0.09536956594578343], [""1-0"", 0.08930192534018194]]",2026-04-17T13:38:50+00:00,artifacts/football_prediction_bundle.joblib,artifacts/sheet_predictions_cleaned.csv
18/04/2026,Norway,Eliteserien,Viking FK,SK Brann,,2026-04-17T13:39:15+00:00,20260417T133816Z,0.641,0.359,0.5886566378649895,H,0.5261992083913561,0.2263023562428048,0.24749843536583907,3.840690489337892,2.116997983655576,1.207293152261292,2-1,"[[""2-1"", 0.09738730187907194], [""1-1"", 0.09200509649131183], [""2-0"", 0.08066582809375085]]",2026-04-17T13:38:50+00:00,artifacts/football_prediction_bundle.joblib,artifacts/sheet_predictions_cleaned.csv
18/04/2026,Peru,Liga 1,ADC Juan Pablo II,Comerciantes Unidos,,2026-04-17T13:39:15+00:00,20260417T133816Z,0.4670000000000001,0.5329999999999999,0.4318651579671968,H,0.4920746357530096,0.28009021469664147,0.22783514955034895,3.96102594517507,1.472771921553194,0.9653984453663522,1-0,"[[""1-0"", 0.12860313612201402], [""1-1"", 0.12415326768142972], [""2-0"", 0.09470154395209279]]",2026-04-17T13:38:50+00:00,artifacts/football_prediction_bundle.joblib,artifacts/sheet_predictions_cleaned.csv
18/04/2026,Peru,Liga 1,FC Cajamarca,Asociación Deportiva Tarma,,2026-04-17T13:39:15+00:00,20260417T133816Z,0.7980000000000002,0.20199999999999985,0.7239209805139305,A,0.3226169079930625,0.11229240189381132,0.5650906901131262,2.5071988713899542,1.5380342120858785,2.576830522408113,1-2,"[[""1-2"", 0.083376692792455], [""1-3"", 0.07161586894834751], [""1-1"", 0.06471259329429037]]",2026-04-17T13:38:50+00:00,artifacts/football_prediction_bundle.joblib,artifacts/sheet_predictions_cleaned.csv
18/04/2026,Peru,Liga 1,Sport Huancayo,Deportivo Garcilaso,,2026-04-17T13:39:15+00:00,20260417T133816Z,0.4589999999999999,0.5410000000000001,0.43393662216190937,H,0.5236292548935847,0.274679193748996,0.20169155135741917,3.96102594517507,1.5574151643376415,0.9026059231256849,1-0,"[[""1-0"", 0.13305488238141264], [""1-1"", 0.12009612493825438], [""2-0"", 0.10361084575498664]]",2026-04-17T13:38:50+00:00,artifacts/football_prediction_bundle.joblib,artifacts/sheet_predictions_cleaned.csv
18/04/2026,Portugal,Liga Portugal 2,Paços de Ferreira,Chaves,,2026-04-17T13:39:15+00:00,20260417T133816Z,0.417,0.583,0.3897946843420863,A,0.28598333921292873,0.3160750305624794,0.397941630224592,4.010195298666681,1.00435236670479,1.269791003953663,1-1,"[[""1-1"", 0.13121105767079166], [""0-1"", 0.1306424538046204], [""1-0"", 0.10333279828117273]]",2026-04-17T13:38:50+00:00,artifacts/football_prediction_bundle.joblib,artifacts/sheet_predictions_cleaned.csv
18/04/2026,Portugal,Liga Portugal 2,Torreense,Marítimo,,2026-04-17T13:39:15+00:00,20260417T133816Z,0.46299999999999997,0.537,0.4396448861931127,A,0.3124820204780608,0.32043874982301945,0.36707922969891976,4.038488349311598,1.0424879774308147,1.3584781469761538,1-1,"[[""1-1"", 0.1283504432003489], [""0-1"", 0.12311935099401848], [""1-0"", 0.09448105108355631]]",2026-04-17T13:38:50+00:00,artifacts/football_prediction_bundle.joblib,artifacts/sheet_predictions_cleaned.csv
18/04/2026,Portugal,Liga Portugal 2,União Leiria,Penafiel,,2026-04-17T13:39:15+00:00,20260417T133816Z,0.481,0.519,0.4478402445450196,H,0.5240976864620164,0.2749264464962488,0.20097586704173484,3.96102594517507,1.617368636877691,0.8721696684025778,1-0,"[[""1-0"", 0.13415790532327557], [""1-1"", 0.11700845579938567], [""2-0"", 0.10849139422953626]]",2026-04-17T13:38:50+00:00,artifacts/football_prediction_bundle.joblib,artifacts/sheet_predictions_cleaned.csv
18/04/2026,Portugal,Liga Portugal Betclic,CD Nacional,FC Alverca,,2026-04-17T13:39:15+00:00,20260417T133816Z,0.507,0.493,0.4833609280036764,H,0.41380614760740086,0.288246531704712,0.29794732068788715,3.96102594517507,1.366933343291698,1.1626970043436626,1-1,"[[""1-1"", 0.12665122349145744], [""1-0"", 0.10892882928080778], [""0-1"", 0.09265354752885752]]",2026-04-17T13:38:50+00:00,artifacts/football_prediction_bundle.joblib,artifacts/sheet_predictions_cleaned.csv
18/04/2026,Portugal,Liga Portugal Betclic,Casa Pia,Santa Clara,,2026-04-17T13:39:15+00:00,20260417T133816Z,0.37799999999999995,0.6220000000000001,0.3707296536691589,A,0.24611629294459036,0.3142301681353769,0.4396535389200328,4.174924171779346,0.921625723404661,1.1477117383252615,0-1,"[[""0-1"", 0.14492088670620584], [""1-1"", 0.13356281704705186], [""0-0"", 0.12626941231573885]]",2026-04-17T13:38:50+00:00,artifacts/football_prediction_bundle.joblib,artifacts/sheet_predictions_cleaned.csv
18/04/2026,Portugal,Liga Portugal Betclic,Gil Vicente,Vitória SC,,2026-04-17T13:39:15+00:00,20260417T133816Z,0.449,0.5509999999999999,0.43992014359347437,H,0.4514324105693407,0.28467607595731503,0.2638915134733444,4.193378440181527,1.4989229240262065,1.0218826822565532,1-1,"[[""1-1"", 0.12314261621506872], [""1-0"", 0.12050562980785755], [""2-1"", 0.0922906451846639]]",2026-04-17T13:38:50+00:00,artifacts/football_prediction_bundle.joblib,artifacts/sheet_predictions_cleaned.csv
18/04/2026,Spain,Copa del Rey,Atlético Madrid,Real Sociedad,,2026-04-17T13:39:15+00:00,20260417T133816Z,0.493,0.507,0.4637171181357078,H,0.526400231452361,0.2625657036629433,0.2110340648846957,3.96102594517507,1.7261150682476414,0.9263192376473728,1-0,"[[""1-0"", 0.12165561572223024], [""1-1"", 0.11269193721133805], [""2-0"", 0.10499579571754314]]",2026-04-17T13:38:50+00:00,artifacts/football_prediction_bundle.joblib,artifacts/sheet_predictions_cleaned.csv
18/04/2026,Spain,LaLiga 2,CD Castellón,Burgos Club de Fútbol,,2026-04-17T13:39:15+00:00,20260417T133816Z,0.46299999999999997,0.537,0.4302622638924253,H,0.5476943646722472,0.262579810935371,0.1897258243923818,3.96102594517507,1.6794680375461435,0.8905721963211114,1-0,"[[""1-0"", 0.1285338307585015], [""1-1"", 0.11446865596016469], [""2-0"", 0.10793423025113433]]",2026-04-17T13:38:50+00:00,artifacts/football_prediction_bundle.joblib,artifacts/sheet_predictions_cleaned.csv
18/04/2026,Spain,LaLiga 2,Cultural Leonesa,Córdoba,,2026-04-17T13:39:15+00:00,20260417T133816Z,0.501,0.499,0.4996351747894526,H,0.366301940918976,0.2754305609521006,0.3582674981289235,5.036652180648883,1.348068085036802,1.4699841190260055,1-1,"[[""1-1"", 0.1183477342949796], [""0-1"", 0.08779062096982196], [""1-2"", 0.08698464496816469]]",2026-04-17T13:38:50+00:00,artifacts/football_prediction_bundle.joblib,artifacts/sheet_predictions_cleaned.csv
18/04/2026,Spain,LaLiga 2,Real Zaragoza,AD Ceuta,,2026-04-17T13:39:15+00:00,20260417T133816Z,0.495,0.505,0.4808780137959527,H,0.5389170722689439,0.2508852315711342,0.21019769615992195,3.8802190197586124,1.7937018302923375,0.9000328245140028,1-0,"[[""1-0"", 0.12130428854009641], [""1-1"", 0.10917784144040454], [""2-0"", 0.10879186218834036]]",2026-04-17T13:38:50+00:00,artifacts/football_prediction_bundle.joblib,artifacts/sheet_predictions_cleaned.csv
18/04/2026,Sweden,Allsvenskan,Halmstads BK,IFK Göteborg,,2026-04-17T13:39:15+00:00,20260417T133816Z,0.489,0.511,0.4326740727074294,A,0.25121263626123097,0.26640698040668676,0.4823803833320823,3.8282201902222623,0.9765000397586544,1.647813905409144,0-1,"[[""0-1"", 0.11944915951437246], [""1-1"", 0.11664210901492256], [""0-2"", 0.09841499301860894]]",2026-04-17T13:38:50+00:00,artifacts/football_prediction_bundle.joblib,artifacts/sheet_predictions_cleaned.csv
18/04/2026,Sweden,Allsvenskan,Hammarby IF,Örgryte IS,,2026-04-17T13:39:15+00:00,20260417T133816Z,0.67,0.32999999999999996,0.5981216477481215,H,0.7756443893593085,0.14302036883483543,0.08133524180585605,3.731275855733246,2.6376831321726257,0.6512602455358109,2-0,"[[""2-0"", 0.12973145478903156], [""3-0"", 0.11406349000308137], [""1-0"", 0.09836773280812804]]",2026-04-17T13:38:50+00:00,artifacts/football_prediction_bundle.joblib,artifacts/sheet_predictions_cleaned.csv
18/04/2026,Sweden,Allsvenskan,IK Sirius,Västerås SK,,2026-04-17T13:39:15+00:00,20260417T133816Z,0.5479999999999999,0.45200000000000007,0.5653908861833912,H,0.5891473584492471,0.23380650697685915,0.17704613457389387,3.828295502486231,2.0572625142226357,0.8970542361057163,2-0,"[[""2-0"", 0.1102823387195587], [""1-0"", 0.10721270421945191], [""2-1"", 0.09892923911602558]]",2026-04-17T13:38:50+00:00,artifacts/football_prediction_bundle.joblib,artifacts/sheet_predictions_cleaned.csv
18/04/2026,Sweden,Allsvenskan,Mjällby AIF,IF Brommapojkarna,,2026-04-17T13:39:15+00:00,20260417T133816Z,0.5529999999999999,0.44700000000000006,0.5481393757791623,H,0.6361382459104336,0.21520605979357565,0.1486556942959908,3.9261580254217106,2.0573022040050986,0.7134287192573548,2-0,"[[""2-0"", 0.1325113370985305], [""1-0"", 0.1288204881524563], [""2-1"", 0.09453739351328423]]",2026-04-17T13:38:50+00:00,artifacts/football_prediction_bundle.joblib,artifacts/sheet_predictions_cleaned.csv
18/04/2026,Turkey,Trendyol Süper Lig,Fatih Karagümrük,Eyüpspor,,2026-04-17T13:39:15+00:00,20260417T133816Z,0.46299999999999997,0.537,0.43379057955158096,H,0.4871367736151475,0.2789411637475904,0.23392206263726206,3.96102594517507,1.472771921553194,0.9839056004553146,1-0,"[[""1-0"", 0.12624494693257787], [""1-1"", 0.12421311031614737], [""2-0"", 0.09296500654013687]]",2026-04-17T13:38:50+00:00,artifacts/football_prediction_bundle.joblib,artifacts/sheet_predictions_cleaned.csv
18/04/2026,Turkey,Trendyol Süper Lig,Gençlerbirliği,Galatasaray,,2026-04-17T13:39:15+00:00,20260417T133816Z,0.6,0.4,0.5827981455287952,A,0.12043915024165222,0.18757205999149726,0.6919887897668505,4.005524909799086,0.7715546405658861,2.276481816759024,0-2,"[[""0-2"", 0.12295691603643763], [""0-1"", 0.10802363114104607], [""1-2"", 0.09486797915758347]]",2026-04-17T13:38:50+00:00,artifacts/football_prediction_bundle.joblib,artifacts/sheet_predictions_cleaned.csv
18/04/2026,Turkey,Trendyol Süper Lig,Kocaelispor,Göztepe,,2026-04-17T13:39:15+00:00,20260417T133816Z,0.37799999999999995,0.6220000000000001,0.3621696320919894,A,0.3376321319897956,0.32248659641405425,0.3398812715961501,4.385839642070447,1.0938330078765233,1.0450648560262596,1-1,"[[""1-1"", 0.1346426740572542], [""1-0"", 0.1288366681559053], [""0-1"", 0.12309253157265597]]",2026-04-17T13:38:50+00:00,artifacts/football_prediction_bundle.joblib,artifacts/sheet_predictions_cleaned.csv
18/04/2026,USA,MLS,Atlanta United,Nashville SC,,2026-04-17T13:39:15+00:00,20260417T133816Z,0.514,0.486,0.5194566483343707,A,0.2726668925028547,0.2706156834231642,0.4567174240739811,3.8320853757361886,1.1521424612822193,1.6972703209091025,1-1,"[[""1-1"", 0.11318085009630986], [""0-1"", 0.09823511753082245], [""1-2"", 0.09604924888186443]]",2026-04-17T13:38:50+00:00,artifacts/football_prediction_bundle.joblib,artifacts/sheet_predictions_cleaned.csv
18/04/2026,USA,MLS,CF Montréal,New York Red Bulls,,2026-04-17T13:39:15+00:00,20260417T133816Z,0.5960000000000001,0.4039999999999999,0.583766588401509,A,0.35098177571443406,0.26897094462903975,0.3800472796565261,3.8857419162982403,1.4173077822490159,1.6768247687392273,1-1,"[[""1-1"", 0.10769292158263476], [""1-2"", 0.09029107916382662], [""2-1"", 0.0763170079261006]]",2026-04-17T13:38:50+00:00,artifacts/football_prediction_bundle.joblib,artifacts/sheet_predictions_cleaned.csv
18/04/2026,USA,MLS,Colorado Rapids,Inter Miami CF,,2026-04-17T13:39:15+00:00,20260417T133816Z,0.685,0.31499999999999995,0.6189817153142656,A,0.26509442497448743,0.22812052111762937,0.5067850539078833,3.5293113146510473,1.165648828492263,1.9202917735635294,1-1,"[[""1-1"", 0.10226522495291844], [""1-2"", 0.09818953509935653], [""0-1"", 0.08773244776061405]]",2026-04-17T13:38:50+00:00,artifacts/football_prediction_bundle.joblib,artifacts/sheet_predictions_cleaned.csv
18/04/2026,USA,MLS,FC Cincinnati,Chicago Fire,,2026-04-17T13:39:15+00:00,20260417T133816Z,0.6020000000000001,0.3979999999999999,0.640414968785655,H,0.36826476480808656,0.26445519689508196,0.3672800382968316,3.775930722110263,1.5906654846381005,1.742739974128651,1-1,"[[""1-1"", 0.09888532695104559], [""1-2"", 0.08616570606618418], [""2-1"", 0.07864673825909096]]",2026-04-17T13:38:50+00:00,artifacts/football_prediction_bundle.joblib,artifacts/sheet_predictions_cleaned.csv
18/04/2026,USA,MLS,New England Revolution,Columbus Crew,,2026-04-17T13:39:15+00:00,20260417T133816Z,0.531,0.469,0.5946155046444408,A,0.31885016622531276,0.27951927709741337,0.4016305566772739,3.780410509439417,1.350587083428131,1.5561788809624455,1-1,"[[""1-1"", 0.11486552201511005], [""1-2"", 0.08937564975532056], [""0-1"", 0.08504858622189126]]",2026-04-17T13:38:50+00:00,artifacts/football_prediction_bundle.joblib,artifacts/sheet_predictions_cleaned.csv
18/04/2026,USA,MLS,New York City FC,Charlotte FC,,2026-04-17T13:39:15+00:00,20260417T133816Z,0.5379999999999999,0.4620000000000001,0.528024677575202,H,0.5088756023554984,0.26074130826929026,0.23038308937521132,3.949215241461101,1.8327711844147203,1.0822770294079849,1-1,"[[""1-1"", 0.10751209762186087], [""1-0"", 0.09933879653776903], [""2-1"", 0.0985225372486645]]",2026-04-17T13:38:50+00:00,artifacts/football_prediction_bundle.joblib,artifacts/sheet_predictions_cleaned.csv
18/04/2026,USA,MLS,Orlando City SC,Houston Dynamo,,2026-04-17T13:39:15+00:00,20260417T133816Z,0.62,0.38,0.6384120265958569,A,0.371330932637236,0.2413055647028654,0.3873635026598986,3.7854714206485784,1.568813763093256,1.764343005409481,1-1,"[[""1-1"", 0.09876039514587451], [""1-2"", 0.08712360619355008], [""2-1"", 0.07746833357668816]]",2026-04-17T13:38:50+00:00,artifacts/football_prediction_bundle.joblib,artifacts/sheet_predictions_cleaned.csv
18/04/2026,USA,MLS,Philadelphia Union,DC United,,2026-04-17T13:39:15+00:00,20260417T133816Z,0.5,0.5,0.5278230338116164,H,0.5242471627235293,0.25609355420197244,0.21965928307449833,3.7850455524129343,1.7309940684454026,0.9591308296961227,1-0,"[[""1-0"", 0.1174868286100652], [""1-1"", 0.112685239403138], [""2-0"", 0.10168450172224225]]",2026-04-17T13:38:50+00:00,artifacts/football_prediction_bundle.joblib,artifacts/sheet_predictions_cleaned.csv
18/04/2026,USA,MLS,Toronto FC,Austin FC,,2026-04-17T13:39:15+00:00,20260417T133816Z,0.49,0.51,0.4887936813539453,H,0.49581148065047514,0.2706405685621307,0.2335479507873943,3.868887116232542,1.5761356842055887,0.98654793172259,1-0,"[[""1-0"", 0.12151621915059108], [""1-1"", 0.1198815746737646], [""2-0"", 0.09576302460649656]]",2026-04-17T13:38:50+00:00,artifacts/football_prediction_bundle.joblib,artifacts/sheet_predictions_cleaned.csv
18/04/2026,USA,MLS,Vancouver Whitecaps,Sporting Kansas City,,2026-04-17T13:39:15+00:00,20260417T133816Z,0.737,0.263,0.6495942473353461,H,0.8311296990918298,0.11323877140219649,0.055631529505973804,2.7366594450444146,2.90211382379039,0.7087776671280317,2-0,"[[""2-0"", 0.1138173943235439], [""3-0"", 0.11010367781805289], [""2-1"", 0.08067122722723273]]",2026-04-17T13:38:50+00:00,artifacts/football_prediction_bundle.joblib,artifacts/sheet_predictions_cleaned.csv
