api_match_id,competition_id,country,league,Date,Time,utc_date,match_datetime,HomeTeam,AwayTeam,status,odds_available,xg_available,FTHG,FTAG,FTR,odds_home,odds_draw,odds_away,odds_over25,odds_under25
mt_154603148,comp_6151,Australia,A-League Men,17/04/2026,09:35,2026-04-17T09:35:00.000Z,2026-04-17T09:35:00+00:00,Melbourne Victory,Newcastle Jets,scheduled,True,False,,,,2.1775,4.03,3.0075,1.37,3.1325000000000003
mt_460067959,comp_7712,China,CFA Super League,17/04/2026,12:00,2026-04-17T12:00:00.000Z,2026-04-17T12:00:00+00:00,Wuhan Three Towns,Chengdu Rongcheng,scheduled,True,False,,,,6.737500000000001,4.7875,1.4474999999999998,1.6125,2.3375000000000004
mt_376678506,comp_7712,China,CFA Super League,17/04/2026,12:00,2026-04-17T12:00:00.000Z,2026-04-17T12:00:00+00:00,Yunnan Yukun,Tianjin Jinmen Tiger,scheduled,True,False,,,,1.5225,4.512499999999999,6.0675,1.5525,2.45
mt_518812669,comp_7712,China,CFA Super League,17/04/2026,12:00,2026-04-17T12:00:00.000Z,2026-04-17T12:00:00+00:00,Zhejiang,Beijing Guoan,scheduled,True,False,,,,2.165,3.6774999999999998,3.1525,1.5575,2.4625000000000004
mt_979163774,comp_0406,Germany,2. Bundesliga,17/04/2026,16:30,2026-04-17T16:30:00.000Z,2026-04-17T16:30:00+00:00,SV 07 Elversberg,Karlsruher SC,scheduled,True,False,,,,1.4449999999999998,5.17,6.2775,1.3924999999999998,3.0300000000000002
mt_252691557,comp_0406,Germany,2. Bundesliga,17/04/2026,16:30,2026-04-17T16:30:00.000Z,2026-04-17T16:30:00+00:00,Holstein Kiel,1. FC Kaiserslautern,scheduled,True,False,,,,2.1775,3.74,3.16,1.6625,2.2424999999999997
mt_585839699,comp_5840,Italy,Serie A,17/04/2026,16:30,2026-04-17T16:30:00.000Z,2026-04-17T16:30:00+00:00,Sassuolo,Como,scheduled,True,False,,,,6.085000000000001,4.369999999999999,1.545,1.7075,2.2075
mt_205665886,comp_7938,Denmark,Danish Superliga,17/04/2026,17:00,2026-04-17T17:00:00.000Z,2026-04-17T17:00:00+00:00,Brøndby IF,Sønderjyske Fodbold,scheduled,True,False,,,,1.9525000000000001,3.81,3.7625,1.6124999999999998,2.3825
mt_838580449,comp_9235,Turkey,Trendyol Süper Lig,17/04/2026,17:00,2026-04-17T17:00:00.000Z,2026-04-17T17:00:00+00:00,Fenerbahçe,Çaykur Rizespor,scheduled,True,False,,,,1.345,5.430000000000001,8.575,1.4749999999999999,2.69
mt_252627937,comp_9235,Turkey,Trendyol Süper Lig,17/04/2026,17:00,2026-04-17T17:00:00.000Z,2026-04-17T17:00:00+00:00,Antalyaspor,Konyaspor,scheduled,True,False,,,,3.0300000000000002,3.34,2.42,1.9649999999999999,1.875
mt_641595560,comp_1002,Sweden,Allsvenskan,17/04/2026,17:00,2026-04-17T17:00:00.000Z,2026-04-17T17:00:00+00:00,Djurgårdens IF,Malmö FF,scheduled,True,False,,,,2.375,3.465,2.9675000000000002,1.8250000000000002,2.0125
mt_370212244,comp_1002,Sweden,Allsvenskan,17/04/2026,17:00,2026-04-17T17:00:00.000Z,2026-04-17T17:00:00+00:00,Degerfors IF,IF Elfsborg,scheduled,True,False,,,,2.6125,3.205,2.8324999999999996,2.255,1.6524999999999999
mt_979930399,comp_7475,Portugal,Liga Portugal 2,17/04/2026,17:45,2026-04-17T17:45:00.000Z,2026-04-17T17:45:00+00:00,Académico Viseu FC,Feirense,scheduled,True,False,,,,1.79,3.3449999999999998,4.6725,2.27,1.6300000000000001
mt_191037943,comp_9777,France,Ligue 2,17/04/2026,18:00,2026-04-17T18:00:00.000Z,2026-04-17T18:00:00+00:00,Pau FC,Guingamp,scheduled,True,False,,,,3.01,3.4325,2.29,1.795,2.04
mt_626315280,comp_9777,France,Ligue 2,17/04/2026,18:00,2026-04-17T18:00:00.000Z,2026-04-17T18:00:00+00:00,Rodez AF,Amiens SC,scheduled,True,False,,,,1.6475,4.05,4.845,1.6925,2.185
mt_252698535,comp_9777,France,Ligue 2,17/04/2026,18:00,2026-04-17T18:00:00.000Z,2026-04-17T18:00:00+00:00,Nancy,Annecy FC,scheduled,True,False,,,,2.5900000000000003,3.1125,2.8225000000000002,2.2066666666666666,1.6433333333333333
mt_252698590,comp_9777,France,Ligue 2,17/04/2026,18:00,2026-04-17T18:00:00.000Z,2026-04-17T18:00:00+00:00,Montpellier,Grenoble Foot 38,scheduled,True,False,,,,1.6424999999999998,3.7275,5.452500000000001,1.905,1.93
mt_979164708,comp_9777,France,Ligue 2,17/04/2026,18:00,2026-04-17T18:00:00.000Z,2026-04-17T18:00:00+00:00,Le Mans,Clermont Foot,scheduled,True,False,,,,1.6424999999999998,3.8274999999999997,5.16,1.8425,1.9874999999999998
mt_747920664,comp_4643,Germany,Bundesliga,17/04/2026,18:30,2026-04-17T18:30:00.000Z,2026-04-17T18:30:00+00:00,FC St. Pauli,1. FC Köln,scheduled,True,False,,,,2.94,3.3024999999999998,2.5175,2.0675,1.835
mt_252665661,comp_0976,Spain,LaLiga 2,17/04/2026,18:30,2026-04-17T18:30:00.000Z,2026-04-17T18:30:00+00:00,Real Sociedad B,Racing de Santander,scheduled,True,False,,,,3.2325,3.755,2.1174999999999997,1.5575,2.4725
mt_252265350,comp_5450,Italy,Serie B,17/04/2026,18:30,2026-04-17T18:30:00.000Z,2026-04-17T18:30:00+00:00,Sampdoria,Monza,scheduled,True,False,,,,3.62,3.1574999999999998,2.205,2.29,1.6400000000000001
mt_010157288,comp_5840,Italy,Serie A,17/04/2026,18:45,2026-04-17T18:45:00.000Z,2026-04-17T18:45:00+00:00,Inter,Cagliari,scheduled,True,False,,,,1.2475,6.3025,13.0775,1.6075000000000002,2.4074999999999998
mt_747573626,comp_0256,France,Ligue 1,17/04/2026,18:45,2026-04-17T18:45:00.000Z,2026-04-17T18:45:00+00:00,RC Lens,Toulouse,scheduled,True,False,,,,1.4925,4.625,6.6175,1.6875,2.25
mt_363886821,comp_0976,Spain,LaLiga 2,17/04/2026,19:00,2026-04-17T19:00:00.000Z,2026-04-17T19:00:00+00:00,Las Palmas,Leganés,scheduled,True,False,,,,1.6824999999999999,3.8499999999999996,5.1225,1.8625,1.975
mt_979109230,comp_8321,England,Championship,17/04/2026,19:00,2026-04-17T19:00:00.000Z,2026-04-17T19:00:00+00:00,Blackburn Rovers,Coventry City,scheduled,True,False,,,,4.1675,3.3275,1.9975,2.08,1.7799999999999998
mt_191818673,comp_8385,Portugal,Liga Portugal Betclic,17/04/2026,19:45,2026-04-17T19:45:00.000Z,2026-04-17T19:45:00+00:00,Rio Ave,AVS - Futebol SAD,scheduled,True,False,,,,1.7149999999999999,3.8674999999999997,4.9725,1.925,1.9075
mt_518568674,comp_6981,Peru,Liga 1,17/04/2026,20:00,2026-04-17T20:00:00.000Z,2026-04-17T20:00:00+00:00,Los Chankas CYC,Club Atlético Grau,scheduled,True,False,,,,1.6775000000000002,3.5525,5.4675,2.2325,1.6275000000000002
mt_732053912,comp_4540,Argentina,Liga Profesional de Fútbol,17/04/2026,23:30,2026-04-17T23:30:00.000Z,2026-04-17T23:30:00+00:00,Club Atlético Unión de Santa Fe,Newell's Old Boys,scheduled,True,False,,,,1.585,3.805,6.695,2.26,1.6649999999999998
mt_370355783,comp_573599,Chile,Chilean Primera División,18/04/2026,00:00,2026-04-18T00:00:00.000Z,2026-04-18T00:00:00+00:00,Deportes Limache,Universidad de Concepción,scheduled,True,False,,,,,,,,
mt_986404004,comp_137103,Mexico,"Liga MX, Clausura",18/04/2026,01:00,2026-04-18T01:00:00.000Z,2026-04-18T01:00:00+00:00,Atlético San Luis,Pumas UNAM,scheduled,True,False,,,,2.6925,3.5200000000000005,2.5725,1.74,2.1425
mt_517363669,comp_137103,Mexico,"Liga MX, Clausura",18/04/2026,01:00,2026-04-18T01:00:00.000Z,2026-04-18T01:00:00+00:00,Mazatlán FC,Querétaro FC,scheduled,True,False,,,,2.7325,3.3950000000000005,2.6025,1.8699999999999999,1.9650000000000003
mt_732973316,comp_9799,USA,MLS,18/04/2026,02:30,2026-04-18T02:30:00.000Z,2026-04-18T02:30:00+00:00,Vancouver Whitecaps,Sporting Kansas City,scheduled,True,False,,,,1.146,8.25,16.0,1.285,3.6
mt_028550359,comp_6240,Japan,J1 League,18/04/2026,04:00,2026-04-18T04:00:00.000Z,2026-04-18T04:00:00+00:00,Yokohama F. Marinos,Kawasaki Frontale,scheduled,True,False,,,,2.776666666666667,3.5500000000000003,2.3699999999999997,1.656666666666667,2.19
mt_986338801,comp_6240,Japan,J1 League,18/04/2026,05:00,2026-04-18T05:00:00.000Z,2026-04-18T05:00:00+00:00,Sanfrecce Hiroshima,V-Varen Nagasaki,scheduled,True,False,,,,1.4533333333333331,4.216666666666666,6.2,1.7000000000000002,2.1366666666666667
mt_517995494,comp_6240,Japan,J1 League,18/04/2026,05:00,2026-04-18T05:00:00.000Z,2026-04-18T05:00:00+00:00,Kashima Antlers,Urawa Red Diamonds,scheduled,True,False,,,,2.0233333333333334,3.4499999999999997,3.683333333333333,1.9433333333333334,1.8566666666666667
mt_731592710,comp_6151,Australia,A-League Men,18/04/2026,05:00,2026-04-18T05:00:00.000Z,2026-04-18T05:00:00+00:00,Wellington Phoenix,Western Sydney Wanderers,scheduled,True,False,,,,2.295,3.9749999999999996,2.8125,1.5275,2.54
mt_732667574,comp_6240,Japan,J1 League,18/04/2026,06:00,2026-04-18T06:00:00.000Z,2026-04-18T06:00:00+00:00,Tokyo Verdy,JEF United Chiba,scheduled,True,False,,,,2.2733333333333334,3.116666666666667,3.233333333333333,2.393333333333333,1.5333333333333332
mt_732663312,comp_6240,Japan,J1 League,18/04/2026,07:00,2026-04-18T07:00:00.000Z,2026-04-18T07:00:00+00:00,Cerezo Osaka,Kyoto Sanga FC,scheduled,True,False,,,,2.225,3.425,2.91,1.66,2.125
mt_516427577,comp_6151,Australia,A-League Men,18/04/2026,07:00,2026-04-18T07:00:00.000Z,2026-04-18T07:00:00+00:00,Brisbane Roar,Melbourne City,scheduled,True,False,,,,3.4074999999999998,3.6325,2.1025,1.8525,1.9575
mt_203769232,comp_6151,Australia,A-League Men,18/04/2026,09:35,2026-04-18T09:35:00.000Z,2026-04-18T09:35:00+00:00,Sydney FC,Perth Glory,scheduled,True,False,,,,1.55,4.5175,5.52,1.5375,2.4825
mt_404429245,comp_7475,Portugal,Liga Portugal 2,18/04/2026,10:00,2026-04-18T10:00:00.000Z,2026-04-18T10:00:00+00:00,Paços de Ferreira,Chaves,scheduled,True,False,,,,2.915,3.0125,2.34,2.215,1.5850000000000002
mt_642243811,comp_7712,China,CFA Super League,18/04/2026,11:00,2026-04-18T11:00:00.000Z,2026-04-18T11:00:00+00:00,Dalian Yingbo FC,Henan FC Jiuzu Dukang,scheduled,True,False,,,,,,,,
mt_838547399,comp_0406,Germany,2. Bundesliga,18/04/2026,11:00,2026-04-18T11:00:00.000Z,2026-04-18T11:00:00+00:00,Arminia Bielefeld,1. FC Nürnberg,scheduled,True,False,,,,1.9825,3.6725,3.6875,1.695,2.1624999999999996
mt_191038990,comp_0406,Germany,2. Bundesliga,18/04/2026,11:00,2026-04-18T11:00:00.000Z,2026-04-18T11:00:00+00:00,1. FC Magdeburg,Fortuna Düsseldorf,scheduled,True,False,,,,2.055,3.795,3.3600000000000003,1.52,2.5349999999999997
mt_363804676,comp_0406,Germany,2. Bundesliga,18/04/2026,11:00,2026-04-18T11:00:00.000Z,2026-04-18T11:00:00+00:00,SG Dynamo Dresden,VfL Bochum 1848,scheduled,True,False,,,,2.32,3.7625,2.8575,1.6075000000000002,2.3425
mt_732056270,comp_2674,Finland,Veikkausliiga,18/04/2026,11:00,2026-04-18T11:00:00.000Z,2026-04-18T11:00:00+00:00,IF Gnistan,HJK,scheduled,True,False,,,,4.825,4.225,1.5314999999999999,1.407,2.75
mt_626318063,comp_4023,England,League Two,18/04/2026,11:30,2026-04-18T11:30:00.000Z,2026-04-18T11:30:00+00:00,Barrow AFC,Walsall,scheduled,True,False,,,,2.3625,3.305,2.9825,2.16,1.6849999999999998
mt_010487519,comp_4023,England,League Two,18/04/2026,11:30,2026-04-18T11:30:00.000Z,2026-04-18T11:30:00+00:00,Swindon Town,Accrington Stanley,scheduled,True,False,,,,1.6524999999999999,3.94,4.8725000000000005,1.845,1.9675
mt_469917850,comp_5878,England,National League,18/04/2026,11:30,2026-04-18T11:30:00.000Z,2026-04-18T11:30:00+00:00,FC Halifax Town,Southend United,scheduled,True,False,,,,3.33,3.4225,2.0575,1.8125,1.965
mt_191016340,comp_9235,Turkey,Trendyol Süper Lig,18/04/2026,11:30,2026-04-18T11:30:00.000Z,2026-04-18T11:30:00+00:00,Fatih Karagümrük,Eyüpspor,scheduled,True,False,,,,1.96,3.4575,3.9724999999999997,2.0575,1.7775
mt_585277479,comp_0196,England,League One,18/04/2026,11:30,2026-04-18T11:30:00.000Z,2026-04-18T11:30:00+00:00,Barnsley,Bradford City,scheduled,True,False,,,,3.105,3.4275,2.27,1.8050000000000002,1.9925
mt_363800100,comp_0196,England,League One,18/04/2026,11:30,2026-04-18T11:30:00.000Z,2026-04-18T11:30:00+00:00,Bolton Wanderers,Huddersfield Town,scheduled,True,False,,,,2.02,3.6525,3.52,1.69,2.1399999999999997
mt_979109296,comp_8321,England,Championship,18/04/2026,11:30,2026-04-18T11:30:00.000Z,2026-04-18T11:30:00+00:00,Derby County,Oxford United,scheduled,True,False,,,,1.9125,3.5025,4.21,2.075,1.775
mt_363853141,comp_8321,England,Championship,18/04/2026,11:30,2026-04-18T11:30:00.000Z,2026-04-18T11:30:00+00:00,Portsmouth,Leicester City,scheduled,True,False,,,,2.31,3.3324999999999996,3.1875,2.1125,1.755
mt_838528076,comp_8321,England,Championship,18/04/2026,11:30,2026-04-18T11:30:00.000Z,2026-04-18T11:30:00+00:00,Millwall,Queens Park Rangers,scheduled,True,False,,,,1.6925,3.87,5.0425,1.84,2.0125
mt_252067861,comp_3039,England,Premier League,18/04/2026,11:30,2026-04-18T11:30:00.000Z,2026-04-18T11:30:00+00:00,Brentford,Fulham,scheduled,True,False,,,,2.1125,3.7575,3.3675,1.77,2.1175
mt_159950436,comp_7712,China,CFA Super League,18/04/2026,12:00,2026-04-18T12:00:00.000Z,2026-04-18T12:00:00+00:00,Shanghai Shenhua,Liaoning Tieren FC,scheduled,True,False,,,,1.44,4.75,6.455,1.5575,2.405
mt_731152643,comp_9777,France,Ligue 2,18/04/2026,12:00,2026-04-18T12:00:00.000Z,2026-04-18T12:00:00+00:00,Troyes,US Boulogne Côte-d'Opale,scheduled,True,False,,,,1.505,4.09,6.112500000000001,1.835,1.98
mt_747920422,comp_9777,France,Ligue 2,18/04/2026,12:00,2026-04-18T12:00:00.000Z,2026-04-18T12:00:00+00:00,Stade de Reims,Red Star FC,scheduled,True,False,,,,1.9100000000000001,3.4099999999999997,4.040000000000001,2.0525,1.7475
mt_370273472,comp_1992,Norway,Eliteserien,18/04/2026,12:00,2026-04-18T12:00:00.000Z,2026-04-18T12:00:00+00:00,Bodø/Glimt,Aalesunds FK,scheduled,True,False,,,,1.1625,8.3,13.7075,1.2325,4.0675
mt_460210268,comp_4008,Greece,Stoiximan Super League,18/04/2026,13:00,2026-04-18T13:00:00.000Z,2026-04-18T13:00:00+00:00,AE Kifisia,Asteras Aktor,scheduled,True,False,,,,2.013333333333333,3.2366666666666664,4.043333333333333,2.206666666666667,1.68
mt_028551191,comp_4153,Finland,Ykkösliiga,18/04/2026,13:00,2026-04-18T13:00:00.000Z,2026-04-18T13:00:00+00:00,Jippo Joensuu,KTP,scheduled,True,False,,,,,,,,
mt_585596566,comp_7475,Portugal,Liga Portugal 2,18/04/2026,13:00,2026-04-18T13:00:00.000Z,2026-04-18T13:00:00+00:00,União Leiria,Penafiel,scheduled,True,False,,,,1.75,3.346666666666667,4.41,1.9533333333333331,1.8133333333333332
mt_747794142,comp_5450,Italy,Serie B,18/04/2026,13:00,2026-04-18T13:00:00.000Z,2026-04-18T13:00:00+00:00,Mantova,Avellino,scheduled,True,False,,,,2.223333333333333,3.106666666666667,3.4,2.0275,1.735
mt_747794121,comp_5450,Italy,Serie B,18/04/2026,13:00,2026-04-18T13:00:00.000Z,2026-04-18T13:00:00+00:00,Bari,Venezia,scheduled,True,False,,,,6.367500000000001,4.53,1.4725000000000001,1.5825,2.385
mt_010041719,comp_5450,Italy,Serie B,18/04/2026,13:00,2026-04-18T13:00:00.000Z,2026-04-18T13:00:00+00:00,Spezia,Südtirol,scheduled,True,False,,,,2.3925,3.2074999999999996,3.0425,2.1175,1.7125
mt_191109499,comp_5450,Italy,Serie B,18/04/2026,13:00,2026-04-18T13:00:00.000Z,2026-04-18T13:00:00+00:00,Modena,Frosinone,scheduled,True,False,,,,2.5100000000000002,3.405,2.7525000000000004,1.7174999999999998,2.125
mt_838367289,comp_5840,Italy,Serie A,18/04/2026,13:00,2026-04-18T13:00:00.000Z,2026-04-18T13:00:00+00:00,Udinese,Parma,scheduled,True,False,,,,2.19,3.0100000000000002,4.0024999999999995,2.3625,1.62
mt_153768318,comp_2674,Finland,Veikkausliiga,18/04/2026,13:00,2026-04-18T13:00:00.000Z,2026-04-18T13:00:00+00:00,FF Jaro,KuPS,scheduled,True,False,,,,5.4,4.1,1.52,1.58,2.17
mt_465181141,comp_1002,Sweden,Allsvenskan,18/04/2026,13:00,2026-04-18T13:00:00.000Z,2026-04-18T13:00:00+00:00,Hammarby IF,Örgryte IS,scheduled,True,False,,,,1.23,6.5425,10.735,1.4075,2.8525
mt_153767849,comp_1002,Sweden,Allsvenskan,18/04/2026,13:00,2026-04-18T13:00:00.000Z,2026-04-18T13:00:00+00:00,Halmstads BK,IFK Göteborg,scheduled,True,False,,,,3.7424999999999997,3.4774999999999996,2.005,1.94,1.8550000000000002
mt_732050071,comp_1002,Sweden,Allsvenskan,18/04/2026,13:00,2026-04-18T13:00:00.000Z,2026-04-18T13:00:00+00:00,IK Sirius,Västerås SK,scheduled,True,False,,,,1.62,3.9975,5.25,1.725,2.0900000000000003
mt_894606722,comp_1002,Sweden,Allsvenskan,18/04/2026,13:00,2026-04-18T13:00:00.000Z,2026-04-18T13:00:00+00:00,Mjällby AIF,IF Brommapojkarna,scheduled,True,False,,,,1.5125000000000002,4.3100000000000005,6.115,1.7175,2.1275
mt_010489599,comp_4643,Germany,Bundesliga,18/04/2026,13:30,2026-04-18T13:30:00.000Z,2026-04-18T13:30:00+00:00,SV Werder Bremen,Hamburger SV,scheduled,True,False,,,,2.0,3.6525,3.76,1.7449999999999999,2.1425
mt_252698180,comp_4643,Germany,Bundesliga,18/04/2026,13:30,2026-04-18T13:30:00.000Z,2026-04-18T13:30:00+00:00,Bayer 04 Leverkusen,FC Augsburg,scheduled,True,False,,,,1.4175,5.135,7.13,1.4674999999999998,2.8025
mt_404751212,comp_4643,Germany,Bundesliga,18/04/2026,13:30,2026-04-18T13:30:00.000Z,2026-04-18T13:30:00+00:00,1. FC Union Berlin,VfL Wolfsburg,scheduled,True,False,,,,2.1875,3.605,3.295,1.8900000000000001,1.975
mt_191037885,comp_4643,Germany,Bundesliga,18/04/2026,13:30,2026-04-18T13:30:00.000Z,2026-04-18T13:30:00+00:00,TSG Hoffenheim,Borussia Dortmund,scheduled,True,False,,,,2.5949999999999998,3.9275,2.52,1.505,2.6525
mt_518946959,comp_8531,Belgium,Pro League,18/04/2026,14:00,2026-04-18T14:00:00.000Z,2026-04-18T14:00:00+00:00,Royal Antwerp FC,Oud-Heverlee Leuven,scheduled,True,False,,,,2.2375000000000003,3.34,3.1925,1.96,1.8825
mt_376426474,comp_4008,Greece,Stoiximan Super League,18/04/2026,14:00,2026-04-18T14:00:00.000Z,2026-04-18T14:00:00+00:00,Atromitos Athens,AE Larisa,scheduled,True,False,,,,2.01,3.075,3.9665,2.3899999999999997,1.52
mt_191034866,comp_4023,England,League Two,18/04/2026,14:00,2026-04-18T14:00:00.000Z,2026-04-18T14:00:00+00:00,Gillingham,Grimsby Town,scheduled,True,False,,,,4.135,3.3925,1.905,2.0425,1.7525
mt_191034877,comp_4023,England,League Two,18/04/2026,14:00,2026-04-18T14:00:00.000Z,2026-04-18T14:00:00+00:00,Crawley Town,Shrewsbury Town,scheduled,True,False,,,,1.9225,3.3600000000000003,4.130000000000001,2.0575,1.765
mt_979160906,comp_4023,England,League Two,18/04/2026,14:00,2026-04-18T14:00:00.000Z,2026-04-18T14:00:00+00:00,Fleetwood Town,Chesterfield,scheduled,True,False,,,,3.0575,3.395,2.2625,1.855,1.9449999999999998
mt_191034800,comp_4023,England,League Two,18/04/2026,14:00,2026-04-18T14:00:00.000Z,2026-04-18T14:00:00+00:00,Notts County,Barnet,scheduled,True,False,,,,2.3275,3.3025,3.08,1.955,1.8625
mt_404759215,comp_4023,England,League Two,18/04/2026,14:00,2026-04-18T14:00:00.000Z,2026-04-18T14:00:00+00:00,Crewe Alexandra,Milton Keynes Dons,scheduled,True,False,,,,3.595,3.5850000000000004,1.9825,1.8225000000000002,1.9825
mt_404759289,comp_4023,England,League Two,18/04/2026,14:00,2026-04-18T14:00:00.000Z,2026-04-18T14:00:00+00:00,Harrogate Town,Colchester United,scheduled,True,False,,,,2.965,3.3575,2.3425,1.9825,1.8325
mt_747921634,comp_4023,England,League Two,18/04/2026,14:00,2026-04-18T14:00:00.000Z,2026-04-18T14:00:00+00:00,Tranmere Rovers,Bristol Rovers,scheduled,True,False,,,,2.75,3.4425,2.47,1.9849999999999999,1.8225
mt_626318004,comp_4023,England,League Two,18/04/2026,14:00,2026-04-18T14:00:00.000Z,2026-04-18T14:00:00+00:00,Cheltenham Town,Newport County,scheduled,True,False,,,,2.3175,3.2675,3.0949999999999998,2.0575,1.755
mt_404759264,comp_4023,England,League Two,18/04/2026,14:00,2026-04-18T14:00:00.000Z,2026-04-18T14:00:00+00:00,Oldham Athletic,Salford City,scheduled,True,False,,,,2.5300000000000002,3.275,2.71,1.915,1.915
mt_027794388,comp_5878,England,National League,18/04/2026,14:00,2026-04-18T14:00:00.000Z,2026-04-18T14:00:00+00:00,Gateshead,Woking,scheduled,True,False,,,,2.23,3.5175,2.9025,1.645,2.18
mt_516632476,comp_5878,England,National League,18/04/2026,14:00,2026-04-18T14:00:00.000Z,2026-04-18T14:00:00+00:00,Morecambe,Boreham Wood,scheduled,True,False,,,,4.6475,4.3675,1.5350000000000001,1.315,3.1199999999999997
mt_154470647,comp_5878,England,National League,18/04/2026,14:00,2026-04-18T14:00:00.000Z,2026-04-18T14:00:00+00:00,Wealdstone,Scunthorpe United,scheduled,True,False,,,,2.5325,3.6550000000000002,2.4325,1.5425,2.3175
mt_892265040,comp_5878,England,National League,18/04/2026,14:00,2026-04-18T14:00:00.000Z,2026-04-18T14:00:00+00:00,Brackley Town,Aldershot Town,scheduled,True,False,,,,2.8100000000000005,3.48,2.2299999999999995,1.645,2.13
mt_648853914,comp_5878,England,National League,18/04/2026,14:00,2026-04-18T14:00:00.000Z,2026-04-18T14:00:00+00:00,Eastleigh,Tamworth,scheduled,True,False,,,,2.285,3.4099999999999997,2.78,1.6175,2.145
mt_731109520,comp_5878,England,National League,18/04/2026,14:00,2026-04-18T14:00:00.000Z,2026-04-18T14:00:00+00:00,Hartlepool United,Forest Green Rovers,scheduled,True,False,,,,3.1799999999999997,3.555,2.1075,1.6525,2.1025
mt_892265025,comp_5878,England,National League,18/04/2026,14:00,2026-04-18T14:00:00.000Z,2026-04-18T14:00:00+00:00,Truro City,Carlisle United,scheduled,True,False,,,,3.925,3.4425000000000003,1.8175000000000001,1.8125,1.7699999999999998
mt_980041209,comp_5878,England,National League,18/04/2026,14:00,2026-04-18T14:00:00.000Z,2026-04-18T14:00:00+00:00,Solihull Moors,Boston United,scheduled,True,False,,,,2.1624999999999996,3.5075,3.0825,1.6725,2.13
mt_203386731,comp_5878,England,National League,18/04/2026,14:00,2026-04-18T14:00:00.000Z,2026-04-18T14:00:00+00:00,Sutton United,Altrincham,scheduled,True,False,,,,1.9324999999999999,3.7824999999999998,3.3925,1.52,2.4575
mt_626369111,comp_9235,Turkey,Trendyol Süper Lig,18/04/2026,14:00,2026-04-18T14:00:00.000Z,2026-04-18T14:00:00+00:00,Kocaelispor,Göztepe,scheduled,True,False,,,,2.8,3.0125,2.79,2.51,1.5225
mt_986423700,comp_2674,Finland,Veikkausliiga,18/04/2026,14:00,2026-04-18T14:00:00.000Z,2026-04-18T14:00:00+00:00,FC Lahti,Inter Turku,scheduled,True,False,,,,3.675,3.25,1.9100000000000001,2.075,1.69
mt_517349867,comp_2674,Finland,Veikkausliiga,18/04/2026,14:00,2026-04-18T14:00:00.000Z,2026-04-18T14:00:00+00:00,TPS,SJK,scheduled,True,False,,,,,,,,
mt_209871922,comp_2674,Finland,Veikkausliiga,18/04/2026,14:00,2026-04-18T14:00:00.000Z,2026-04-18T14:00:00+00:00,AC Oulu,VPS,scheduled,True,False,,,,,,,,
mt_894698758,comp_1992,Norway,Eliteserien,18/04/2026,14:00,2026-04-18T14:00:00.000Z,2026-04-18T14:00:00+00:00,Sandefjord Fotball,Rosenborg BK,scheduled,True,False,,,,2.015,3.735,3.3899999999999997,1.5975,2.2600000000000002
mt_404755865,comp_0196,England,League One,18/04/2026,14:00,2026-04-18T14:00:00.000Z,2026-04-18T14:00:00+00:00,Mansfield Town,Luton Town,scheduled,True,False,,,,3.0900000000000003,3.5549999999999997,2.1975,1.7225,2.0949999999999998
mt_838544556,comp_0196,England,League One,18/04/2026,14:00,2026-04-18T14:00:00.000Z,2026-04-18T14:00:00+00:00,Stevenage,Lincoln City,scheduled,True,False,,,,2.98,3.075,2.515,2.4125,1.51
mt_010488432,comp_0196,England,League One,18/04/2026,14:00,2026-04-18T14:00:00.000Z,2026-04-18T14:00:00+00:00,Wycombe Wanderers,Blackpool,scheduled,True,False,,,,1.8425,3.75,4.04,1.7775,2.02
mt_252699736,comp_0196,England,League One,18/04/2026,14:00,2026-04-18T14:00:00.000Z,2026-04-18T14:00:00+00:00,Exeter City,Stockport County,scheduled,True,False,,,,3.485,3.6975,2.0025,1.695,2.1425
mt_191033074,comp_0196,England,League One,18/04/2026,14:00,2026-04-18T14:00:00.000Z,2026-04-18T14:00:00+00:00,Reading,Cardiff City,scheduled,True,False,,,,4.7475000000000005,4.065,1.6575,1.62,2.2675
mt_747922972,comp_0196,England,League One,18/04/2026,14:00,2026-04-18T14:00:00.000Z,2026-04-18T14:00:00+00:00,Northampton Town,Doncaster Rovers,scheduled,True,False,,,,4.7675,3.8775000000000004,1.7075,1.82,2.0025
mt_747922549,comp_0196,England,League One,18/04/2026,14:00,2026-04-18T14:00:00.000Z,2026-04-18T14:00:00+00:00,AFC Wimbledon,Plymouth Argyle,scheduled,True,False,,,,4.0075,3.785,1.8325,1.6800000000000002,2.1525
mt_404755742,comp_0196,England,League One,18/04/2026,14:00,2026-04-18T14:00:00.000Z,2026-04-18T14:00:00+00:00,Leyton Orient,Rotherham United,scheduled,True,False,,,,1.6425,3.89,5.2475000000000005,1.8900000000000001,1.93
mt_404794826,comp_8321,England,Championship,18/04/2026,14:00,2026-04-18T14:00:00.000Z,2026-04-18T14:00:00+00:00,Swansea City,Southampton,scheduled,True,False,,,,3.9349999999999996,4.13,1.8275,1.78,2.0625
mt_010470351,comp_8321,England,Championship,18/04/2026,14:00,2026-04-18T14:00:00.000Z,2026-04-18T14:00:00+00:00,Wrexham,Stoke City,scheduled,True,False,,,,1.7550000000000001,3.8499999999999996,4.5925,1.83,2.03
mt_626386903,comp_8321,England,Championship,18/04/2026,14:00,2026-04-18T14:00:00.000Z,2026-04-18T14:00:00+00:00,Preston North End,West Bromwich Albion,scheduled,True,False,,,,3.5725,3.3525,2.1275000000000004,2.12,1.7425
mt_404794847,comp_8321,England,Championship,18/04/2026,14:00,2026-04-18T14:00:00.000Z,2026-04-18T14:00:00+00:00,Hull City,Birmingham City,scheduled,True,False,,,,2.4475,3.525,2.8375,1.85,1.9825
mt_191041681,comp_8321,England,Championship,18/04/2026,14:00,2026-04-18T14:00:00.000Z,2026-04-18T14:00:00+00:00,Bristol City,Norwich City,scheduled,True,False,,,,2.7125000000000004,3.4650000000000003,2.575,1.8675000000000002,1.985
mt_747917566,comp_8321,England,Championship,18/04/2026,14:00,2026-04-18T14:00:00.000Z,2026-04-18T14:00:00+00:00,Sheffield Wednesday,Charlton Athletic,scheduled,True,False,,,,4.9275,3.6449999999999996,1.745,2.095,1.7550000000000001
mt_585265497,comp_8321,England,Championship,18/04/2026,14:00,2026-04-18T14:00:00.000Z,2026-04-18T14:00:00+00:00,Watford,Sheffield United,scheduled,True,False,,,,2.7575000000000003,3.5025000000000004,2.5025,1.8074999999999999,2.045
mt_191506768,comp_3039,England,Premier League,18/04/2026,14:00,2026-04-18T14:00:00.000Z,2026-04-18T14:00:00+00:00,Newcastle United,Bournemouth,scheduled,True,False,,,,2.0149999999999997,3.8475,3.5725000000000002,1.5050000000000001,2.67
mt_626439594,comp_3039,England,Premier League,18/04/2026,14:00,2026-04-18T14:00:00.000Z,2026-04-18T14:00:00+00:00,Leeds United,Wolverhampton,scheduled,True,False,,,,1.6125,4.0725,5.92,1.9124999999999999,1.965
mt_838553555,comp_0976,Spain,LaLiga 2,18/04/2026,14:15,2026-04-18T14:15:00.000Z,2026-04-18T14:15:00+00:00,Real Zaragoza,AD Ceuta,scheduled,True,False,,,,1.7625000000000002,3.7675,4.3325000000000005,1.9100000000000001,1.873333333333333
mt_979393248,comp_8385,Portugal,Liga Portugal Betclic,18/04/2026,14:30,2026-04-18T14:30:00.000Z,2026-04-18T14:30:00+00:00,CD Nacional,FC Alverca,scheduled,True,False,,,,2.2425,3.445,3.2125,1.88,1.9325
mt_518931852,comp_4008,Greece,Stoiximan Super League,18/04/2026,15:00,2026-04-18T15:00:00.000Z,2026-04-18T15:00:00+00:00,OFI Crete,APO Levadiakos,scheduled,True,False,,,,2.9525,3.1075,2.5,2.0025,1.8025
mt_626964013,comp_0256,France,Ligue 1,18/04/2026,15:00,2026-04-18T15:00:00.000Z,2026-04-18T15:00:00+00:00,Lorient,Olympique de Marseille,scheduled,True,False,,,,4.53,4.0200000000000005,1.75,1.6925,2.225
mt_747794134,comp_5450,Italy,Serie B,18/04/2026,15:15,2026-04-18T15:15:00.000Z,2026-04-18T15:15:00+00:00,Palermo,Cesena,scheduled,True,False,,,,1.5625,4.115,5.647500000000001,1.7175,2.105
mt_205180030,comp_4008,Greece,Stoiximan Super League,18/04/2026,16:00,2026-04-18T16:00:00.000Z,2026-04-18T16:00:00+00:00,Aris Thessaloniki,NPS Volos,scheduled,True,False,,,,1.6724999999999999,3.5525,5.5525,2.0700000000000003,1.7425000000000002
mt_252581317,comp_5840,Italy,Serie A,18/04/2026,16:00,2026-04-18T16:00:00.000Z,2026-04-18T16:00:00+00:00,Napoli,Lazio,scheduled,True,False,,,,1.52,4.0725,7.1475,2.2024999999999997,1.705
mt_028935171,comp_2674,Finland,Veikkausliiga,18/04/2026,16:00,2026-04-18T16:00:00.000Z,2026-04-18T16:00:00+00:00,IFK Mariehamn,Ilves,scheduled,True,False,,,,4.725,3.675,1.658,1.6225,2.175
mt_894698797,comp_1992,Norway,Eliteserien,18/04/2026,16:00,2026-04-18T16:00:00.000Z,2026-04-18T16:00:00+00:00,Viking FK,SK Brann,scheduled,True,False,,,,1.79,4.1525,3.74,1.4575,2.605
mt_642098643,comp_8531,Belgium,Pro League,18/04/2026,16:15,2026-04-18T16:15:00.000Z,2026-04-18T16:15:00+00:00,RC Sporting Charleroi,Standard Liège,scheduled,True,False,,,,1.8325,3.5425,4.26,1.9725000000000001,1.8699999999999999
mt_642098624,comp_8531,Belgium,Pro League,18/04/2026,16:15,2026-04-18T16:15:00.000Z,2026-04-18T16:15:00+00:00,KVC Westerlo,KRC Genk,scheduled,True,False,,,,2.6624999999999996,3.66,2.4275,1.5924999999999998,2.3825000000000003
mt_375528108,comp_5878,England,National League,18/04/2026,16:30,2026-04-18T16:30:00.000Z,2026-04-18T16:30:00+00:00,Braintree Town,Rochdale,scheduled,True,False,,,,9.595,5.3325000000000005,1.2825,1.5750000000000002,2.3425000000000002
mt_731109515,comp_5878,England,National League,18/04/2026,16:30,2026-04-18T16:30:00.000Z,2026-04-18T16:30:00+00:00,York City,Yeovil Town,scheduled,True,False,,,,1.1225,8.692499999999999,19.0325,1.3275000000000001,3.2
mt_585273934,comp_4643,Germany,Bundesliga,18/04/2026,16:30,2026-04-18T16:30:00.000Z,2026-04-18T16:30:00+00:00,Eintracht Frankfurt,RB Leipzig,scheduled,True,False,,,,3.4850000000000003,4.0024999999999995,1.9949999999999999,1.46,2.79
mt_585228215,comp_0976,Spain,LaLiga 2,18/04/2026,16:30,2026-04-18T16:30:00.000Z,2026-04-18T16:30:00+00:00,Cultural Leonesa,Córdoba,scheduled,True,False,,,,2.5975,3.3875,2.685,1.9074999999999998,1.9125
mt_626332332,comp_0976,Spain,LaLiga 2,18/04/2026,16:30,2026-04-18T16:30:00.000Z,2026-04-18T16:30:00+00:00,CD Castellón,Burgos Club de Fútbol,scheduled,True,False,,,,1.7449999999999999,3.5825,4.845000000000001,2.0475,1.7674999999999998
mt_979812440,comp_3039,England,Premier League,18/04/2026,16:30,2026-04-18T16:30:00.000Z,2026-04-18T16:30:00+00:00,Tottenham Hotspur,Brighton & Hove Albion,scheduled,True,False,,,,2.7299999999999995,3.7725,2.47,1.69,2.2375
mt_893763798,comp_4008,Greece,Stoiximan Super League,18/04/2026,17:00,2026-04-18T17:00:00.000Z,2026-04-18T17:00:00+00:00,Panetolikos,MGS Panserraikos,scheduled,True,False,,,,1.8050000000000002,3.3175,5.0275,2.33,1.5633333333333335
mt_747761675,comp_7475,Portugal,Liga Portugal 2,18/04/2026,17:00,2026-04-18T17:00:00.000Z,2026-04-18T17:00:00+00:00,Torreense,Marítimo,scheduled,True,False,,,,2.7225,2.9675,2.54,1.9999999999999998,1.7225
mt_363831006,comp_9235,Turkey,Trendyol Süper Lig,18/04/2026,17:00,2026-04-18T17:00:00.000Z,2026-04-18T17:00:00+00:00,Gençlerbirliği,Galatasaray,scheduled,True,False,,,,7.63,5.0200000000000005,1.3874999999999997,1.585,2.375
mt_010505393,comp_8385,Portugal,Liga Portugal Betclic,18/04/2026,17:00,2026-04-18T17:00:00.000Z,2026-04-18T17:00:00+00:00,Casa Pia,Santa Clara,scheduled,True,False,,,,3.7925000000000004,3.05,2.1900000000000004,2.505,1.5225000000000002
mt_028402282,comp_9799,USA,MLS,18/04/2026,17:00,2026-04-18T17:00:00.000Z,2026-04-18T17:00:00+00:00,Toronto FC,Austin FC,scheduled,True,False,,,,1.9249999999999998,3.5275,4.085000000000001,1.96,1.8825
mt_191615831,comp_0256,France,Ligue 1,18/04/2026,17:00,2026-04-18T17:00:00.000Z,2026-04-18T17:00:00+00:00,Angers,Le Havre,scheduled,True,False,,,,2.9000000000000004,3.0475,2.7175,2.3975,1.5999999999999999
mt_626632810,comp_5450,Italy,Serie B,18/04/2026,17:30,2026-04-18T17:30:00.000Z,2026-04-18T17:30:00+00:00,Juve Stabia,Catanzaro,scheduled,True,False,,,,2.36,3.2275,3.09,2.085,1.735
mt_209870696,comp_4540,Argentina,Liga Profesional de Fútbol,18/04/2026,18:00,2026-04-18T18:00:00.000Z,2026-04-18T18:00:00+00:00,Gimnasia y Esgrima,Estudiantes de Río Cuarto,scheduled,True,False,,,,,,,,
mt_460490952,comp_6981,Peru,Liga 1,18/04/2026,18:00,2026-04-18T18:00:00.000Z,2026-04-18T18:00:00+00:00,FC Cajamarca,Asociación Deportiva Tarma,scheduled,True,False,,,,,,,,
mt_191037939,comp_9777,France,Ligue 2,18/04/2026,18:00,2026-04-18T18:00:00.000Z,2026-04-18T18:00:00+00:00,Bastia,Saint-Étienne,scheduled,True,False,,,,3.6300000000000003,3.3175,2.0475000000000003,2.0375,1.7774999999999999
mt_747926443,comp_0406,Germany,2. Bundesliga,18/04/2026,18:30,2026-04-18T18:30:00.000Z,2026-04-18T18:30:00+00:00,Hannover 96,SC Paderborn 07,scheduled,True,False,,,,2.1774999999999998,3.74,3.0949999999999998,1.5925,2.3649999999999998
mt_153015541,comp_9799,USA,MLS,18/04/2026,18:30,2026-04-18T18:30:00.000Z,2026-04-18T18:30:00+00:00,CF Montréal,New York Red Bulls,scheduled,True,False,,,,2.525,3.675,2.575,1.5755,2.325
mt_893702774,comp_8531,Belgium,Pro League,18/04/2026,18:45,2026-04-18T18:45:00.000Z,2026-04-18T18:45:00+00:00,KV Mechelen,RSC Anderlecht,scheduled,True,False,,,,2.825,3.46,2.4025,1.7325000000000002,2.1149999999999998
mt_979743034,comp_5840,Italy,Serie A,18/04/2026,18:45,2026-04-18T18:45:00.000Z,2026-04-18T18:45:00+00:00,Roma,Atalanta,scheduled,True,False,,,,2.47,3.2925,3.025,2.0425,1.8325
mt_376868270,comp_7915,Spain,Copa del Rey,18/04/2026,19:00,2026-04-18T19:00:00.000Z,2026-04-18T19:00:00+00:00,Atlético Madrid,Real Sociedad,scheduled,True,False,,,,1.795,3.575,4.300000000000001,1.915,1.865
mt_979812419,comp_3039,England,Premier League,18/04/2026,19:00,2026-04-18T19:00:00.000Z,2026-04-18T19:00:00+00:00,Chelsea,Manchester United,scheduled,True,False,,,,2.2399999999999998,3.6225,3.1975000000000002,1.5699999999999998,2.4924999999999997
mt_585451988,comp_0256,France,Ligue 1,18/04/2026,19:05,2026-04-18T19:05:00.000Z,2026-04-18T19:05:00+00:00,Lille,Nice,scheduled,True,False,,,,1.51,4.3825,6.717499999999999,1.8,2.0575
mt_626060950,comp_8385,Portugal,Liga Portugal Betclic,18/04/2026,19:30,2026-04-18T19:30:00.000Z,2026-04-18T19:30:00+00:00,Gil Vicente,Vitória SC,scheduled,True,False,,,,2.1625,3.3,3.5275,2.1,1.71
mt_370217733,comp_4540,Argentina,Liga Profesional de Fútbol,18/04/2026,20:15,2026-04-18T20:15:00.000Z,2026-04-18T20:15:00+00:00,Instituto De Córdoba,Estudiantes de La Plata,scheduled,True,False,,,,2.69,3.0725000000000002,2.87,2.6525000000000003,1.4849999999999999
mt_021071789,comp_6981,Peru,Liga 1,18/04/2026,20:15,2026-04-18T20:15:00.000Z,2026-04-18T20:15:00+00:00,ADC Juan Pablo II,Comerciantes Unidos,scheduled,True,False,,,,1.8875,3.3949999999999996,4.0,1.985,1.7374999999999998
mt_465746657,comp_9799,USA,MLS,18/04/2026,20:30,2026-04-18T20:30:00.000Z,2026-04-18T20:30:00+00:00,Colorado Rapids,Inter Miami CF,scheduled,True,False,,,,3.6174999999999997,4.177499999999999,1.88,1.395,3.04
mt_376037270,comp_1085,Brazil,Brasileirão Série B,18/04/2026,21:00,2026-04-18T21:00:00.000Z,2026-04-18T21:00:00+00:00,América Mineiro,Sport Recife,scheduled,True,False,,,,2.43,3.1475,3.0625,2.2199999999999998,1.6475
mt_987698484,comp_1085,Brazil,Brasileirão Série B,18/04/2026,21:00,2026-04-18T21:00:00.000Z,2026-04-18T21:00:00+00:00,Náutico,São Bernardo,scheduled,True,False,,,,1.7325,3.5475,5.17,2.1450000000000005,1.6925
mt_153144503,comp_573599,Chile,Chilean Primera División,18/04/2026,21:30,2026-04-18T21:30:00.000Z,2026-04-18T21:30:00+00:00,Everton de Viña del Mar,Universidad de Chile,scheduled,True,False,,,,3.6375,3.175,2.0875,2.2125,1.5925000000000002
mt_021802920,comp_1085,Brazil,Brasileirão Série B,18/04/2026,21:30,2026-04-18T21:30:00.000Z,2026-04-18T21:30:00+00:00,Vila Nova FC,Operário-PR,scheduled,True,False,,,,2.34,3.13,3.3049999999999997,2.5325,1.5175
mt_641581162,comp_4795,Brazil,Brasileirão Série A,18/04/2026,21:30,2026-04-18T21:30:00.000Z,2026-04-18T21:30:00+00:00,Chapecoense,Botafogo,scheduled,True,False,,,,3.175,3.375,2.2849999999999997,2.0375,1.7925
mt_153743386,comp_4795,Brazil,Brasileirão Série A,18/04/2026,21:30,2026-04-18T21:30:00.000Z,2026-04-18T21:30:00+00:00,Vasco da Gama,São Paulo,scheduled,True,False,,,,2.3,3.24,3.2775,2.2024999999999997,1.6874999999999998
mt_517341152,comp_4540,Argentina,Liga Profesional de Fútbol,18/04/2026,22:30,2026-04-18T22:30:00.000Z,2026-04-18T22:30:00+00:00,CA Independiente,Defensa y Justicia,scheduled,True,False,,,,1.7225000000000001,3.5175,5.4775,2.285,1.625
mt_376356565,comp_6981,Peru,Liga 1,18/04/2026,22:30,2026-04-18T22:30:00.000Z,2026-04-18T22:30:00+00:00,Sport Huancayo,Deportivo Garcilaso,scheduled,True,False,,,,1.8025,3.435,4.4975000000000005,2.0275,1.7175
mt_465191959,comp_137103,Mexico,"Liga MX, Clausura",18/04/2026,23:00,2026-04-18T23:00:00.000Z,2026-04-18T23:00:00+00:00,Cruz Azul,Club Tijuana,scheduled,True,False,,,,1.405,4.885,6.8525,1.4125,2.535
mt_028979770,comp_137103,Mexico,"Liga MX, Clausura",18/04/2026,23:00,2026-04-18T23:00:00.000Z,2026-04-18T23:00:00+00:00,Club Necaxa,Tigres UANL,scheduled,True,False,,,,3.6874999999999996,3.5425,1.9799999999999998,1.76,1.9725000000000001
mt_465195545,comp_4795,Brazil,Brasileirão Série A,18/04/2026,23:00,2026-04-18T23:00:00.000Z,2026-04-18T23:00:00+00:00,Vitória,Corinthians,scheduled,True,False,,,,2.6999999999999997,3.0675,2.865,2.54,1.5375
mt_205920807,comp_1085,Brazil,Brasileirão Série B,18/04/2026,23:30,2026-04-18T23:30:00.000Z,2026-04-18T23:30:00+00:00,Avaí,Ponte Preta,scheduled,True,False,,,,1.7475,3.45,5.1625000000000005,2.1725000000000003,1.6875
mt_894624485,comp_4795,Brazil,Brasileirão Série A,18/04/2026,23:30,2026-04-18T23:30:00.000Z,2026-04-18T23:30:00+00:00,Cruzeiro,Grêmio,scheduled,True,False,,,,1.6875,3.785,5.297499999999999,2.02,1.8450000000000002
mt_517251178,comp_9799,USA,MLS,18/04/2026,23:30,2026-04-18T23:30:00.000Z,2026-04-18T23:30:00+00:00,FC Cincinnati,Chicago Fire,scheduled,True,False,,,,2.5175,3.7499999999999996,2.6125,1.59,2.4025
mt_732973327,comp_9799,USA,MLS,18/04/2026,23:30,2026-04-18T23:30:00.000Z,2026-04-18T23:30:00+00:00,Philadelphia Union,DC United,scheduled,True,False,,,,1.8225,3.675,4.455,1.92,1.92
mt_209620059,comp_9799,USA,MLS,18/04/2026,23:30,2026-04-18T23:30:00.000Z,2026-04-18T23:30:00+00:00,Orlando City SC,Houston Dynamo,scheduled,True,False,,,,2.4675000000000002,4.0424999999999995,2.54,1.5375,2.5075000000000003
mt_370837702,comp_9799,USA,MLS,18/04/2026,23:30,2026-04-18T23:30:00.000Z,2026-04-18T23:30:00+00:00,New England Revolution,Columbus Crew,scheduled,True,False,,,,3.0025,3.5475,2.3175,1.8,2.035
mt_986198866,comp_9799,USA,MLS,18/04/2026,23:30,2026-04-18T23:30:00.000Z,2026-04-18T23:30:00+00:00,Atlanta United,Nashville SC,scheduled,True,False,,,,3.2975,3.5199999999999996,2.185,1.8625,1.97
mt_641364419,comp_9799,USA,MLS,18/04/2026,23:30,2026-04-18T23:30:00.000Z,2026-04-18T23:30:00+00:00,New York City FC,Charlotte FC,scheduled,True,False,,,,1.875,3.7199999999999998,4.047499999999999,1.7775,2.0700000000000003
mt_518751319,comp_1085,Brazil,Brasileirão Série B,18/04/2026,23:45,2026-04-18T23:45:00.000Z,2026-04-18T23:45:00+00:00,CRB,Juventude,scheduled,True,False,,,,2.045,3.25,3.895,2.14,1.7049999999999998
