Date,country,league,HomeTeam,AwayTeam,api_match_id,generated_at_utc,p_over_2_5,p_under_2_5,p_over_2_5_model,predicted_winner,p_home_win,p_draw,p_away_win,pred_total_bookings,expected_home_goals,expected_away_goals,pred_correct_score,pred_correct_score_top3
17/04/2026,Australia,A-League Men,Melbourne Victory,Newcastle Jets,mt_154603148,2026-04-17T11:48:03+00:00,0.6957245974458635,0.30427540255413654,0.5621576422095924,H,0.43437509171398164,0.24018367801218893,0.3254412302738294,3.8686492603523406,1.7793413517281655,1.4811032168226623,1-1,"[[""1-1"", 0.10112336488504191], [""2-1"", 0.0899664923829255], [""1-2"", 0.07488707051358372]]"
17/04/2026,China,CFA Super League,Wuhan Three Towns,Chengdu Rongcheng,mt_460067959,2026-04-17T11:48:03+00:00,0.5917721518987342,0.4082278481012658,0.6143400383502872,A,0.14101956199176024,0.1986828107707538,0.6602976272374859,3.4818112547869484,0.9086513133401044,2.2246276835216707,0-2,"[[""0-2"", 0.10782485937062958], [""1-2"", 0.09797520007783464], [""0-1"", 0.09693744276340094]]"
17/04/2026,China,CFA Super League,Yunnan Yukun,Tianjin Jinmen Tiger,mt_376678506,2026-04-17T11:48:03+00:00,0.6121174266083698,0.38788257339163024,0.6180525465166424,H,0.6307446532691908,0.2120533986025955,0.1572019481282136,3.7347871671491983,2.123978567473619,0.9612286349944227,2-0,"[[""2-0"", 0.10312923611862247], [""2-1"", 0.099130774862321], [""1-0"", 0.0971094884834834]]"
17/04/2026,China,CFA Super League,Zhejiang,Beijing Guoan,mt_518812669,2026-04-17T11:48:03+00:00,0.6125621890547264,0.38743781094527363,0.5805850056299579,H,0.4336756151383053,0.2630205728091941,0.3033038120525006,3.915321189860643,1.6262240975037237,1.382099649175193,1-1,"[[""1-1"", 0.110974027014136], [""2-1"", 0.09023431846370858], [""1-0"", 0.08029379580579656]]"
17/04/2026,Germany,2. Bundesliga,Holstein Kiel,1. FC Kaiserslautern,mt_252691557,2026-04-17T11:48:03+00:00,0.5742637644046095,0.42573623559539053,0.5621940153051289,H,0.441160389468878,0.2575159733381489,0.3013236371929732,4.74220821938614,1.6330570775892064,1.3413552182642705,1-1,"[[""1-1"", 0.11188563224450888], [""2-1"", 0.0913578118087192], [""1-0"", 0.08341238079297907]]"
17/04/2026,Germany,2. Bundesliga,SV 07 Elversberg,Karlsruher SC,mt_979163774,2026-04-17T11:48:03+00:00,0.6851328434143585,0.31486715658564146,0.6111329065364911,H,0.6697440556007586,0.18340166044163556,0.14685428395760586,3.774597779835022,2.395494371504245,0.8620963716172677,2-0,"[[""2-0"", 0.11040954746368317], [""2-1"", 0.09518367026034577], [""1-0"", 0.0921810118003757]]"
17/04/2026,Italy,Serie A,Sassuolo,Como,mt_585839699,2026-04-17T11:48:03+00:00,0.5638569604086845,0.4361430395913155,0.6023349189377408,A,0.15649193383426332,0.2195931836413274,0.6239148825244093,3.7348835999147254,0.8652944410515431,2.083918108219665,0-2,"[[""0-2"", 0.11373773233708614], [""0-1"", 0.10915758338916177], [""1-2"", 0.09841662752908897]]"
17/04/2026,Denmark,Danish Superliga,Brøndby IF,Sønderjyske Fodbold,mt_205665886,2026-04-17T11:48:03+00:00,0.5963704630788486,0.40362953692115144,0.5602821976257578,H,0.4911116338569117,0.2548867971786409,0.25400156896444737,3.949215241461101,1.859473828128873,1.2336296486496774,1-1,"[[""1-1"", 0.1040535967328244], [""2-1"", 0.09674246992368148], [""1-0"", 0.08434751616639626]]"
17/04/2026,Sweden,Allsvenskan,Degerfors IF,IF Elfsborg,mt_370212244,2026-04-17T11:48:03+00:00,0.4229046705054383,0.5770953294945618,0.3975911537912368,H,0.35858710983932524,0.30270933129015176,0.3387035588705229,4.115207364783921,1.152476973773992,1.1454944626546169,1-1,"[[""1-1"", 0.13262608100926757], [""1-0"", 0.11578063913282856], [""0-1"", 0.11507915908719611]]"
17/04/2026,Sweden,Allsvenskan,Djurgårdens IF,Malmö FF,mt_641595560,2026-04-17T11:48:03+00:00,0.5244299674267101,0.4755700325732899,0.5050290467970237,H,0.3989907404996248,0.2790007517967735,0.32200850770360157,3.9407009357059133,1.356746607738844,1.215264856721016,1-1,"[[""1-1"", 0.1259387264057546], [""1-0"", 0.10363068240577443], [""0-1"", 0.0928240584405398]]"
17/04/2026,Turkey,Trendyol Süper Lig,Antalyaspor,Konyaspor,mt_252627937,2026-04-17T11:48:03+00:00,0.48828125,0.51171875,0.5090791524245489,A,0.31700067862522296,0.28791006929258156,0.3950892520821954,4.427887962807399,1.200871242931275,1.3940429953784237,1-1,"[[""1-1"", 0.12497285139061169], [""0-1"", 0.10406848538196181], [""1-0"", 0.08964777399615775]]"
17/04/2026,Turkey,Trendyol Süper Lig,Fenerbahçe,Çaykur Rizespor,mt_838580449,2026-04-17T11:48:03+00:00,0.6458583433373348,0.35414165666266517,0.5943077545165665,H,0.7197046206592038,0.17401872479096775,0.10627665454982839,3.774597779835022,2.395494371504245,0.6628571336825609,2-0,"[[""2-0"", 0.13475197260603328], [""1-0"", 0.11250452032698044], [""3-0"", 0.10759919730894897]]"
17/04/2026,Portugal,Liga Portugal 2,Académico Viseu FC,Feirense,mt_979930399,2026-04-17T11:48:03+00:00,0.41794871794871796,0.582051282051282,0.36696875219822317,H,0.5234198616345467,0.2810110803662285,0.19556905799922494,4.036273410189042,1.311549307002715,0.8588240351372424,1-0,"[[""1-0"", 0.1496936769431644], [""1-1"", 0.12856052766685924], [""0-0"", 0.11413499755130024]]"
17/04/2026,France,Ligue 2,Le Mans,Clermont Foot,mt_979164708,2026-04-17T11:48:03+00:00,0.518929503916449,0.481070496083551,0.4660874123429029,H,0.5761506271111914,0.245028408671356,0.17882096421745255,4.31899417982146,1.767438296818772,0.9154534006658611,1-0,"[[""1-0"", 0.12083123135766988], [""1-1"", 0.11061536165302233], [""2-0"", 0.10678087287665754]]"
17/04/2026,France,Ligue 2,Montpellier,Grenoble Foot 38,mt_252698590,2026-04-17T11:48:03+00:00,0.5032594524119947,0.49674054758800534,0.45607711202415635,H,0.573965585134893,0.2529925646611465,0.17304185020396043,4.216359454222446,1.6720493956471563,0.8794270510128326,1-0,"[[""1-0"", 0.13036378511361693], [""1-1"", 0.11464543910133873], [""2-0"", 0.10898734405674947]]"
17/04/2026,France,Ligue 2,Nancy,Annecy FC,mt_252698535,2026-04-17T11:48:03+00:00,0.42683982683982685,0.5731601731601732,0.3977397570178691,H,0.3703752237042309,0.29521362375962484,0.33441115253614423,3.937949128029831,1.1287148597975485,1.1312330649186038,1-1,"[[""1-1"", 0.13324576674198418], [""0-1"", 0.11805086606716933], [""1-0"", 0.11778807645758807]]"
17/04/2026,France,Ligue 2,Pau FC,Guingamp,mt_191037943,2026-04-17T11:48:03+00:00,0.5319426336375489,0.4680573663624511,0.5384112628590474,A,0.3134590661035802,0.274889124461846,0.4116518094345738,4.17369159287705,1.25055244427325,1.487915729881522,1-1,"[[""1-1"", 0.12033130524338925], [""0-1"", 0.09622251813143187], [""1-2"", 0.08952142093440688]]"
17/04/2026,France,Ligue 2,Rodez AF,Amiens SC,mt_626315280,2026-04-17T11:48:03+00:00,0.5635074145712444,0.4364925854287556,0.5444684950957219,H,0.5776076149157191,0.23162635832908937,0.19076602675519164,3.9730845777994643,1.983878189933235,1.0277746377301915,1-1,"[[""1-1"", 0.10033875198280147], [""2-1"", 0.09952993083189998], [""1-0"", 0.09762719208988899]]"
17/04/2026,Germany,Bundesliga,FC St. Pauli,1. FC Köln,mt_747920664,2026-04-17T11:48:03+00:00,0.47021140294682895,0.529788597053171,0.4518703361567207,A,0.31556003624842927,0.29866758108186175,0.38577238266970904,3.950673972667982,1.1239217261525873,1.3261401736041116,1-1,"[[""1-1"", 0.1286107096890876], [""0-1"", 0.11443030835372159], [""1-0"", 0.09698123339371917]]"
17/04/2026,Italy,Serie B,Sampdoria,Monza,mt_252265350,2026-04-17T11:48:03+00:00,0.4173027989821883,0.5826972010178118,0.4213793728864383,A,0.2630625260856748,0.30444664490146267,0.4324908290128625,4.52696425720427,0.9651562485591247,1.2768719289188926,0-1,"[[""0-1"", 0.13565845720443026], [""1-1"", 0.13093160764074646], [""0-0"", 0.10624280644910891]]"
17/04/2026,Spain,LaLiga 2,Real Sociedad B,Racing de Santander,mt_252665661,2026-04-17T11:48:03+00:00,0.6135235732009925,0.3864764267990075,0.5793713155694855,A,0.28047385951697273,0.2525202201263397,0.4670059203566874,3.8557255864757702,1.34587911535303,1.8043316821312885,1-1,"[[""1-1"", 0.10404069934197638], [""1-2"", 0.09386196502691194], [""0-1"", 0.07730315312507546]]"
17/04/2026,France,Ligue 1,RC Lens,Toulouse,mt_747573626,2026-04-17T11:48:03+00:00,0.5714285714285714,0.4285714285714286,0.5619584998980365,H,0.6490586710882673,0.20717967167340456,0.143761657238328,4.112446027498897,2.157970615557211,0.8052424291373109,2-0,"[[""2-0"", 0.12026907859803532], [""1-0"", 0.11146498263784799], [""2-1"", 0.09684576500038813]]"
17/04/2026,Italy,Serie A,Inter,Cagliari,mt_010157288,2026-04-17T11:48:03+00:00,0.5996264009962641,0.4003735990037359,0.6335430297511148,H,0.7793202927907352,0.15038259644838983,0.07029711076087508,4.111555864773893,2.5732932567665254,0.6496270226613999,2-0,"[[""2-0"", 0.13190221094938867], [""3-0"", 0.11314102332955256], [""1-0"", 0.10251626828970947]]"
17/04/2026,England,Championship,Blackburn Rovers,Coventry City,mt_979109230,2026-04-17T11:48:03+00:00,0.4611398963730569,0.5388601036269431,0.3912614650569895,A,0.2349134379455518,0.28536732941545345,0.4797192326389948,3.8157890835674375,0.9080619847080476,1.4116158277600441,0-1,"[[""0-1"", 0.138769251410781], [""1-1"", 0.12601108185252383], [""0-0"", 0.09830525322954224]]"
17/04/2026,Spain,LaLiga 2,Las Palmas,Leganés,mt_363886821,2026-04-17T11:48:03+00:00,0.5146579804560261,0.48534201954397393,0.47281838825503797,H,0.5701598765634935,0.24693405465799698,0.1829060687785095,3.860292827816706,1.767438296818772,0.8955186931790028,1-0,"[[""1-0"", 0.12326413566023012], [""1-1"", 0.1103853376822886], [""2-0"", 0.10893087699507761]]"
17/04/2026,Portugal,Liga Portugal Betclic,Rio Ave,AVS - Futebol SAD,mt_191818673,2026-04-17T11:48:03+00:00,0.4977168949771689,0.5022831050228311,0.4757204205225994,H,0.5636128110380206,0.2465271026078977,0.18986008635408175,4.444956023201878,1.7389369157856482,0.8922031603416003,1-0,"[[""1-0"", 0.1251970832194132], [""1-1"", 0.11170123331391077], [""2-0"", 0.10885491487946276]]"
17/04/2026,Peru,Liga 1,Los Chankas CYC,Club Atlético Grau,mt_518568674,2026-04-17T11:48:03+00:00,0.42163212435233166,0.5783678756476683,0.4003721029347764,H,0.5630273393463465,0.2654790910252517,0.17149356962840182,4.023247222323113,1.3964442392274732,0.8704610945618502,1-0,"[[""1-0"", 0.14471685682660224], [""1-1"", 0.12597039359483475], [""0-0"", 0.10363239201492287]]"
17/04/2026,Argentina,Liga Profesional de Fútbol,Club Atlético Unión de Santa Fe,Newell's Old Boys,mt_732053912,2026-04-17T11:48:03+00:00,0.42420382165605097,0.575796178343949,0.39633228260778264,H,0.6075320245778743,0.2521946846689034,0.14027329075322245,4.068947288095834,1.6678098770083085,0.6749557471796457,1-0,"[[""1-0"", 0.16021248567209365], [""2-0"", 0.13360198301198498], [""1-1"", 0.10813633797431625]]"
18/04/2026,Chile,Chilean Primera División,Deportes Limache,Universidad de Concepción,mt_370355783,2026-04-17T11:48:03+00:00,0.7980680361414981,0.20193196385850187,0.7980680361414981,A,0.34004935646014267,0.11134374957378274,0.5486068939660746,3.9516616483615743,1.4350947130043687,1.3941137673709827,1-1,"[[""1-1"", 0.11815963733128708], [""2-1"", 0.08478513541232184], [""1-0"", 0.08475609386894752]]"
18/04/2026,Mexico,"Liga MX, Clausura",Atlético San Luis,Pumas UNAM,mt_986404004,2026-04-17T11:48:03+00:00,0.5518351577591758,0.4481648422408242,0.5242665545166545,A,0.34502339060906645,0.27510346043339334,0.37987314895754026,3.931384689428829,1.3407459795424048,1.5612870519933104,1-1,"[[""1-1"", 0.1149455941530206], [""1-2"", 0.0897315339173945], [""0-1"", 0.08573256672546682]]"
18/04/2026,Mexico,"Liga MX, Clausura",Mazatlán FC,Querétaro FC,mt_517363669,2026-04-17T11:48:03+00:00,0.5123859191655802,0.4876140808344198,0.5015023807309418,A,0.33804582752067325,0.2900807941331033,0.37187337834622336,3.931384689428829,1.2173545788784408,1.3891484374491112,1-1,"[[""1-1"", 0.12478887552891849], [""0-1"", 0.10250824015784092], [""1-0"", 0.08983120317801882]]"
18/04/2026,USA,MLS,Vancouver Whitecaps,Sporting Kansas City,mt_732973316,2026-04-17T11:48:03+00:00,0.736949846468782,0.26305015353121797,0.7015306566057435,H,0.8298987757646302,0.11282977396471083,0.05727145027065907,2.8459542671835676,2.93084740820981,0.7155130613467654,2-0,"[[""2-0"", 0.11203718520278104], [""3-0"", 0.1094546312915644], [""4-0"", 0.08019870560936049]]"
18/04/2026,Japan,J1 League,Yokohama F. Marinos,Kawasaki Frontale,mt_028550359,2026-04-17T11:48:03+00:00,0.569324090121317,0.430675909878683,0.5657659275703463,A,0.33558737644051073,0.2722983156863046,0.3921143078731847,3.837305696978598,1.4780775729284983,1.595479910777551,1-1,"[[""1-1"", 0.10908361267971516], [""1-2"", 0.08702035631276243], [""2-1"", 0.08061702073795286]]"
18/04/2026,Australia,A-League Men,Wellington Phoenix,Western Sydney Wanderers,mt_731592710,2026-04-17T11:48:03+00:00,0.6244622003687769,0.37553779963122313,0.5888819389853982,H,0.40663392866450015,0.24183339075520943,0.35153268058029036,3.860308650725291,1.7172086373499202,1.623002891453106,1-1,"[[""1-1"", 0.09874313748240056], [""2-1"", 0.08478128428190447], [""1-2"", 0.08013019882254382]]"
18/04/2026,Japan,J1 League,Kashima Antlers,Urawa Red Diamonds,mt_517995494,2026-04-17T11:48:03+00:00,0.4885964912280702,0.5114035087719297,0.44885456475552277,H,0.4766868077093534,0.270030588813999,0.25328260347664755,3.8217049247383224,1.5303790717580508,1.0488144137898436,1-1,"[[""1-1"", 0.1217217441310454], [""1-0"", 0.11605651346000229], [""2-1"", 0.09314020489802012]]"
18/04/2026,Japan,J1 League,Sanfrecce Hiroshima,V-Varen Nagasaki,mt_986338801,2026-04-17T11:48:03+00:00,0.5569070373588183,0.4430929626411817,0.5958387453688565,H,0.6348581587932632,0.21640643921796476,0.14873540198877203,3.593523359348261,2.0662909354310623,0.9312909713188845,2-0,"[[""2-0"", 0.10654171030235868], [""1-0"", 0.10312362937422684], [""2-1"", 0.09922133287345881]]"
18/04/2026,Japan,J1 League,Tokyo Verdy,JEF United Chiba,mt_732667574,2026-04-17T11:48:03+00:00,0.39049235993208825,0.6095076400679118,0.3699645274744731,H,0.40471015279663547,0.30674531220928813,0.2885445349940763,4.199630557519724,1.2121916612018986,0.9878978650994051,1-0,"[[""1-0"", 0.1343026404447691], [""1-1"", 0.13267729177260043], [""0-0"", 0.11079323900942105]]"
18/04/2026,Australia,A-League Men,Brisbane Roar,Melbourne City,mt_516427577,2026-04-17T11:48:03+00:00,0.5137795275590551,0.4862204724409449,0.4638530954034482,A,0.26925367588615395,0.26019755747035656,0.47054876664348955,3.8557255864757702,1.174355891903837,1.6235987198079989,1-1,"[[""1-1"", 0.11618289203356726], [""0-1"", 0.09893329001416631], [""1-2"", 0.09431719738464538]]"
18/04/2026,Japan,J1 League,Cerezo Osaka,Kyoto Sanga FC,mt_732663312,2026-04-17T11:48:03+00:00,0.5614266842800528,0.4385733157199472,0.5100128243597334,H,0.417877086054301,0.2660685121407472,0.31605440180495176,3.878483736071335,1.4889207307679264,1.278636273059769,1-1,"[[""1-1"", 0.1195869700113546], [""1-0"", 0.09352696504157802], [""2-1"", 0.08902775938981411]]"
18/04/2026,Australia,A-League Men,Sydney FC,Perth Glory,mt_203769232,2026-04-17T11:48:03+00:00,0.6175373134328359,0.3824626865671641,0.5729376367917771,H,0.6228118219250429,0.2083338492591414,0.16885432881581566,3.961117225275023,2.1549416760955036,0.989838078221611,2-0,"[[""2-0"", 0.10001854927838837], [""2-1"", 0.09900216860423343], [""1-0"", 0.09282715201797015]]"
18/04/2026,Portugal,Liga Portugal 2,Paços de Ferreira,Chaves,mt_404429245,2026-04-17T11:48:03+00:00,0.41710526315789476,0.5828947368421052,0.38817142422440415,A,0.2989789568715527,0.30961696971995517,0.39140407340849226,4.193043445054495,1.026309235739433,1.189200947666757,1-1,"[[""1-1"", 0.1331525955242296], [""0-1"", 0.1297392548828581], [""1-0"", 0.11196812093488355]]"
18/04/2026,China,CFA Super League,Dalian Yingbo FC,Henan FC Jiuzu Dukang,mt_642243811,2026-04-17T11:48:03+00:00,0.7980680361414981,0.20193196385850187,0.7980680361414981,A,0.34004935646014267,0.11134374957378274,0.5486068939660746,3.9516616483615743,1.4350947130043687,1.3941137673709827,1-1,"[[""1-1"", 0.11815963733128708], [""2-1"", 0.08478513541232184], [""1-0"", 0.08475609386894752]]"
18/04/2026,Finland,Veikkausliiga,IF Gnistan,HJK,mt_732056270,2026-04-17T11:48:03+00:00,0.6615347606446956,0.33846523935530437,0.6199118056461782,A,0.18634419911689082,0.21380229474485338,0.5998535061382559,3.6316615183385483,1.1264254636377178,2.0325803890490595,1-2,"[[""1-2"", 0.09881641997703575], [""1-1"", 0.09723248390019831], [""0-2"", 0.08772566243124028]]"
18/04/2026,Germany,2. Bundesliga,1. FC Magdeburg,Fortuna Düsseldorf,mt_191038990,2026-04-17T11:48:03+00:00,0.625154130702836,0.374845869297164,0.5562236256568905,H,0.457231136828213,0.2564050233573661,0.28636383981442093,3.949215241461101,1.7356644350943942,1.341177768133334,1-1,"[[""1-1"", 0.1073239182566409], [""2-1"", 0.09313915397651479], [""1-0"", 0.08002214233390964]]"
18/04/2026,Germany,2. Bundesliga,Arminia Bielefeld,1. FC Nürnberg,mt_838547399,2026-04-17T11:48:03+00:00,0.560596241088788,0.439403758911212,0.5270243660846978,H,0.4786635880002088,0.262203414631965,0.25913299736782636,3.949215241461101,1.7074401961287582,1.2127989780111519,1-1,"[[""1-1"", 0.11165818507268044], [""2-1"", 0.09532483670993933], [""1-0"", 0.09206652305709126]]"
18/04/2026,Germany,2. Bundesliga,SG Dynamo Dresden,VfL Bochum 1848,mt_363804676,2026-04-17T11:48:03+00:00,0.5930379746835444,0.40696202531645564,0.586716875297583,H,0.40052897797533094,0.25628794661336746,0.34318307541130166,3.9407009357059133,1.6586011198820816,1.4967185700952583,1-1,"[[""1-1"", 0.10581425324078576], [""2-1"", 0.08775181946232673], [""1-2"", 0.07918707890312321]]"
18/04/2026,England,Championship,Derby County,Oxford United,mt_979109296,2026-04-17T11:48:03+00:00,0.461038961038961,0.538961038961039,0.4394413459609035,H,0.5017653824996947,0.27439404154617786,0.22384057595412762,3.96102594517507,1.4894078775617934,0.9315504216067323,1-0,"[[""1-0"", 0.13231370064651757], [""1-1"", 0.12325688362161041], [""2-0"", 0.09853453402613811]]"
18/04/2026,England,Championship,Millwall,Queens Park Rangers,mt_838528076,2026-04-17T11:48:03+00:00,0.5223880597014926,0.4776119402985074,0.476927994676189,H,0.5669986218791024,0.24592103471885748,0.18708034340203994,3.8245693877196536,1.7487100880453559,0.8986286719913343,1-0,"[[""1-0"", 0.123877719073572], [""1-1"", 0.11132007018039959], [""2-0"", 0.10831310851400197]]"
18/04/2026,England,Championship,Portsmouth,Leicester City,mt_363853141,2026-04-17T11:48:03+00:00,0.453781512605042,0.546218487394958,0.4377078365799853,H,0.41776998809725907,0.2845703136203338,0.297659698282407,4.010748186619025,1.3122386319053723,1.0685646165796627,1-1,"[[""1-1"", 0.12967130903117924], [""1-0"", 0.12135092910547642], [""0-1"", 0.098816865986407]]"
18/04/2026,England,League One,Barnsley,Bradford City,mt_585277479,2026-04-17T11:48:03+00:00,0.5246872942725477,0.4753127057274523,0.5050152135200224,A,0.30418504400728785,0.2747420295732815,0.4210729264194307,3.874844581605886,1.2482252487240357,1.4203369404560133,1-1,"[[""1-1"", 0.12295395758300608], [""0-1"", 0.09850302075582304], [""1-2"", 0.08731802396520263]]"
18/04/2026,England,League One,Bolton Wanderers,Huddersfield Town,mt_363800100,2026-04-17T11:48:03+00:00,0.5587467362924281,0.4412532637075719,0.5295509596245942,H,0.4623588617588087,0.26418824733714386,0.27345289090404745,3.949215241461101,1.6156095555520449,1.2130844111711512,1-1,"[[""1-1"", 0.11580871806109627], [""1-0"", 0.09546633110987782], [""2-1"", 0.09355083575786992]]"
18/04/2026,England,League Two,Barrow AFC,Walsall,mt_626318063,2026-04-17T11:48:03+00:00,0.43823146944083224,0.5617685305591678,0.42111239858658384,H,0.3921452422781686,0.2874835872385087,0.32037117048332286,3.7637749370567,1.2632502449007783,1.1208603254410974,1-1,"[[""1-1"", 0.13050730547452324], [""1-0"", 0.11643494065432648], [""0-1"", 0.10331073039671083]]"
18/04/2026,England,League Two,Swindon Town,Accrington Stanley,mt_010487519,2026-04-17T11:48:03+00:00,0.5160655737704918,0.4839344262295082,0.4996099403539672,H,0.5715819937117829,0.23851008113678684,0.18990792515143035,4.008208057562834,1.7874565468032422,0.9762158771302408,1-0,"[[""1-0"", 0.11271658162261135], [""1-1"", 0.11003571659583991], [""2-0"", 0.10073799587730935]]"
18/04/2026,England,National League,FC Halifax Town,Southend United,mt_469917850,2026-04-17T11:48:03+00:00,0.5201853077432165,0.4798146922567835,0.45884227663915456,A,0.26695533628631063,0.27475883430004866,0.4582858294136408,3.8557255864757702,1.0690278874106152,1.4613147339106995,1-1,"[[""1-1"", 0.12439959316653762], [""0-1"", 0.1163670233784608], [""1-2"", 0.0908934791933791]]"
18/04/2026,England,Premier League,Brentford,Fulham,mt_252067861,2026-04-17T11:48:03+00:00,0.5446945337620579,0.4553054662379421,0.579102810750329,H,0.45638554564395206,0.25802930719204126,0.2855851471640066,3.7462130350628784,1.6798924686457577,1.2848089393477606,1-1,"[[""1-1"", 0.11131830136984093], [""2-1"", 0.09350138804681726], [""1-0"", 0.08664191068467518]]"
18/04/2026,Turkey,Trendyol Süper Lig,Fatih Karagümrük,Eyüpspor,mt_191016340,2026-04-17T11:48:03+00:00,0.46349413298565845,0.5365058670143416,0.42890035217324185,H,0.48673722440619166,0.27659352900556244,0.23666924658824584,3.96102594517507,1.4894078775617934,0.9993065650995508,1-0,"[[""1-0"", 0.12364560873698825], [""1-1"", 0.12355986855660274], [""2-0"", 0.09207937183939681]]"
18/04/2026,China,CFA Super League,Shanghai Shenhua,Liaoning Tieren FC,mt_159950436,2026-04-17T11:48:03+00:00,0.6069400630914825,0.3930599369085175,0.5840590936959796,H,0.6682133974533868,0.19176613004794266,0.14002047249867047,3.347642577574767,2.3519653985145927,0.8378331478975545,2-0,"[[""2-0"", 0.11389901116793713], [""1-0"", 0.09685432552695818], [""2-1"", 0.09542836706925147]]"
18/04/2026,France,Ligue 2,Stade de Reims,Red Star FC,mt_747920422,2026-04-17T11:48:03+00:00,0.4598684210526316,0.5401315789473684,0.41368121670945274,H,0.49145795302016654,0.2794587415133112,0.22908330546652234,3.96102594517507,1.4533250196810588,0.9163653577246025,1-0,"[[""1-0"", 0.1358999495393756], [""1-1"", 0.12453400587440536], [""2-0"", 0.09875339841948397]]"
18/04/2026,France,Ligue 2,Troyes,US Boulogne Côte-d'Opale,mt_731152643,2026-04-17T11:48:03+00:00,0.5190039318479684,0.48099606815203155,0.5376947842710109,H,0.623948953120249,0.22461500805726492,0.15143603882248619,3.923257856659649,1.8991560007138946,0.819431194562843,1-0,"[[""1-0"", 0.12528331104308602], [""2-0"", 0.11896627597839107], [""1-1"", 0.10266105322682419]]"
18/04/2026,Norway,Eliteserien,Bodø/Glimt,Aalesunds FK,mt_370273472,2026-04-17T11:48:03+00:00,0.7674528301886792,0.23254716981132084,0.6458674352859088,H,0.82226138249616,0.11213805139711748,0.06560056610672255,2.4804747247638352,2.8527901248242444,0.5781604794296223,2-0,"[[""2-0"", 0.1316639057813085], [""3-0"", 0.1252031634029022], [""1-0"", 0.09230535722596844]]"
18/04/2026,Finland,Veikkausliiga,FF Jaro,KuPS,mt_153768318,2026-04-17T11:48:03+00:00,0.5786666666666666,0.42133333333333345,0.5176625978478153,A,0.16744538275040177,0.22192298628670645,0.6106316309628919,3.812097282776544,0.9816445901082445,2.0448693696874027,0-2,"[[""0-2"", 0.10136845597780347], [""1-2"", 0.09950779641823651], [""0-1"", 0.09914418737985163]]"
18/04/2026,Finland,Ykkösliiga,Jippo Joensuu,KTP,mt_028551191,2026-04-17T11:48:03+00:00,0.8294916352913423,0.1705083647086577,0.8294916352913423,A,0.4226740902453815,0.1295746971771879,0.44775121257743056,3.893900817675004,1.488946647645992,1.3998644969243714,1-1,"[[""1-1"", 0.11597660624898952], [""2-1"", 0.08634148953989607], [""1-0"", 0.08284845176358183]]"
18/04/2026,Greece,Stoiximan Super League,AE Kifisia,Asteras Aktor,mt_460210268,2026-04-17T11:48:03+00:00,0.4322469982847341,0.5677530017152659,0.36862880610745963,H,0.4699242578742132,0.29792585472568067,0.23214988740010628,3.982558400345066,1.2978968206385113,0.8923270382371048,1-0,"[[""1-0"", 0.1452238789133256], [""1-1"", 0.1295871937520318], [""0-0"", 0.11189169786384214]]"
18/04/2026,Italy,Serie A,Udinese,Parma,mt_838367289,2026-04-17T11:48:03+00:00,0.4067796610169492,0.5932203389830508,0.3884309961710217,H,0.4416554167609036,0.318493264121927,0.2398513191171693,4.088813838404019,1.2712748335399744,0.8378825627145479,1-0,"[[""1-0"", 0.15425669812363535], [""1-1"", 0.12924899753971597], [""0-0"", 0.12134016504841386]]"
18/04/2026,Italy,Serie B,Bari,Venezia,mt_747794121,2026-04-17T11:48:03+00:00,0.6011342155009451,0.39886578449905485,0.6169659092830563,A,0.1472779180871298,0.20998059708601094,0.6427414848268591,3.7564076826771777,0.8901646444183562,2.160526972561648,0-2,"[[""0-2"", 0.11045639225938673], [""0-1"", 0.10224949159363943], [""1-2"", 0.09832437513931147]]"
18/04/2026,Italy,Serie B,Mantova,Avellino,mt_747794142,2026-04-17T11:48:03+00:00,0.46112956810631234,0.5388704318936877,0.4317239729575286,H,0.42217615404299025,0.3040125277771471,0.2738113181798629,5.403182239055698,1.3087544874711339,1.024861191935703,1-1,"[[""1-1"", 0.13003097515703957], [""1-0"", 0.1268766699141413], [""0-1"", 0.09935475018564745]]"
18/04/2026,Italy,Serie B,Modena,Frosinone,mt_191109499,2026-04-17T11:48:03+00:00,0.5530253741054002,0.4469746258945998,0.5587475931035606,H,0.3762886167395612,0.2792488283899752,0.3444625548704637,4.243390496798722,1.3730042461483827,1.388848115354937,1-1,"[[""1-1"", 0.12046736019198254], [""0-1"", 0.08773997642754809], [""1-0"", 0.0867390457315742]]"
18/04/2026,Italy,Serie B,Spezia,Südtirol,mt_010041719,2026-04-17T11:48:03+00:00,0.44712793733681455,0.5528720626631854,0.39428615723116456,H,0.3970619927168079,0.2957106318030898,0.30722737548010226,4.849886666079135,1.280527888185825,1.0645182339017272,1-1,"[[""1-1"", 0.1306476358791912], [""1-0"", 0.12272935466810629], [""0-1"", 0.10202638855783526]]"
18/04/2026,Portugal,Liga Portugal 2,União Leiria,Penafiel,mt_585596566,2026-04-17T11:48:03+00:00,0.4814159292035398,0.5185840707964602,0.40210443398146534,H,0.5211345851898787,0.27492610647995125,0.20393930833017018,3.96102594517507,1.445871700951473,0.9101357604255198,1-0,"[[""1-0"", 0.13706567774330922], [""1-1"", 0.12474837484114598], [""2-0"", 0.09908969231039248]]"
18/04/2026,Sweden,Allsvenskan,Halmstads BK,IFK Göteborg,mt_153767849,2026-04-17T11:48:03+00:00,0.48880105401844537,0.5111989459815547,0.44109550270526166,A,0.249239326494884,0.27100141426005137,0.4797592592450647,3.8269391489570217,1.001162250600078,1.4951946773543119,1-1,"[[""1-1"", 0.12332416101654767], [""0-1"", 0.12318099383254759], [""1-2"", 0.09219681457056411]]"
18/04/2026,Sweden,Allsvenskan,Hammarby IF,Örgryte IS,mt_465181141,2026-04-17T11:48:03+00:00,0.669600938967136,0.330399061032864,0.5981216477481215,H,0.7725199975781488,0.14304705882742116,0.08443294359442996,3.873802110682755,2.6376831321726257,0.6507542357099968,2-0,"[[""2-0"", 0.1297971167912801], [""3-0"", 0.11412122185499991], [""1-0"", 0.09841752044292588]]"
18/04/2026,Sweden,Allsvenskan,IK Sirius,Västerås SK,mt_732050071,2026-04-17T11:48:03+00:00,0.5478374836173002,0.4521625163826998,0.5295860332882063,H,0.5871043827855054,0.23538788448949036,0.17750773272500434,3.9730845777994643,1.928947606588156,0.9739877834316532,1-0,"[[""1-0"", 0.10582581223026155], [""1-1"", 0.10307304828400678], [""2-0"", 0.10206622360840531]]"
18/04/2026,Sweden,Allsvenskan,Mjällby AIF,IF Brommapojkarna,mt_894606722,2026-04-17T11:48:03+00:00,0.5533159947984394,0.4466840052015606,0.5534747033774767,H,0.629858738829461,0.21743545124160665,0.15270580992893257,3.9373798792200168,2.0725953017345207,0.8108789182384573,2-0,"[[""2-0"", 0.12014953118824405], [""1-0"", 0.11594114016150948], [""2-1"", 0.09742672187678111]]"
18/04/2026,Germany,Bundesliga,1. FC Union Berlin,VfL Wolfsburg,mt_404751212,2026-04-17T11:48:03+00:00,0.5109961190168176,0.48900388098318237,0.4957402493445515,H,0.4342691244808124,0.2712826888349664,0.29444818668422124,3.96102594517507,1.5201578249239116,1.216148890037034,1-1,"[[""1-1"", 0.11981536635464596], [""1-0"", 0.09852031057726604], [""2-1"", 0.09106913335507011]]"
18/04/2026,Germany,Bundesliga,Bayer 04 Leverkusen,FC Augsburg,mt_252698180,2026-04-17T11:48:03+00:00,0.6563231850117097,0.3436768149882903,0.6111329065364911,H,0.6872085813370006,0.1849905983254915,0.12780082033750811,3.774597779835022,2.395494371504245,0.7726402424662802,2-0,"[[""2-0"", 0.1207416018121542], [""1-0"", 0.10080725152055757], [""3-0"", 0.09641194251580737]]"
18/04/2026,Germany,Bundesliga,SV Werder Bremen,Hamburger SV,mt_010489599,2026-04-17T11:48:03+00:00,0.5511254019292604,0.4488745980707396,0.5270243660846978,H,0.4771849924999959,0.26611488366282027,0.25670012383718377,3.949215241461101,1.6119731820176415,1.179550212465838,1-1,"[[""1-1"", 0.11660872293883623], [""1-0"", 0.0988586341696017], [""2-1"", 0.09398506708336468]]"
18/04/2026,Germany,Bundesliga,TSG Hoffenheim,Borussia Dortmund,mt_191037885,2026-04-17T11:48:03+00:00,0.6380036079374625,0.36199639206253753,0.588231850940723,A,0.3668947522450733,0.24263975123184897,0.39046549652307777,3.8852282822882658,1.6032333980205637,1.7581574311369246,1-1,"[[""1-1"", 0.09777346880651266], [""1-2"", 0.08595057537510226], [""2-1"", 0.07837684531546145]]"
18/04/2026,Belgium,Pro League,Royal Antwerp FC,Oud-Heverlee Leuven,mt_518946959,2026-04-17T11:48:03+00:00,0.4899154196486663,0.5100845803513336,0.5020119545417715,H,0.41143292214219085,0.2879109275385208,0.3006561503192883,4.042415466795935,1.380159428140912,1.152911959378206,1-1,"[[""1-1"", 0.12636490490609506], [""1-0"", 0.10960499097801604], [""0-1"", 0.09155819416914016]]"
18/04/2026,England,Championship,Bristol City,Norwich City,mt_191041681,2026-04-17T11:48:03+00:00,0.5152498377676833,0.4847501622323167,0.5043006380071483,A,0.35251805846857,0.2752195113423654,0.37226243018906463,3.832700605075454,1.2761334469332617,1.3653202022995488,1-1,"[[""1-1"", 0.12415432807504231], [""0-1"", 0.09728945540405952], [""1-0"", 0.09093422031398543]]"
18/04/2026,England,Championship,Hull City,Birmingham City,mt_404794847,2026-04-17T11:48:03+00:00,0.5172863666014351,0.4827136333985649,0.5056130817402034,H,0.38743056597623865,0.2727209706256532,0.33984846339810815,3.9407009357059133,1.3636431922088914,1.2957009463983364,1-1,"[[""1-1"", 0.12367076287301197], [""1-0"", 0.09544699586488682], [""0-1"", 0.09069143862529348]]"
18/04/2026,England,Championship,Preston North End,West Bromwich Albion,mt_626386903,2026-04-17T11:48:03+00:00,0.45113268608414236,0.5488673139158576,0.3801100559410834,A,0.2567254055888714,0.28710330567519343,0.45617128873593515,3.848501154888649,0.9585914295544631,1.3588262330044985,0-1,"[[""0-1"", 0.13388200864436658], [""1-1"", 0.12833814605802635], [""0-0"", 0.09852768911322847]]"
18/04/2026,England,Championship,Sheffield Wednesday,Charlton Athletic,mt_747917566,2026-04-17T11:48:03+00:00,0.4558441558441558,0.5441558441558443,0.41555408850381415,A,0.2021528539823012,0.25606825286643065,0.5417788931512681,3.741929318276115,0.9594810459129123,1.6205978652759954,0-1,"[[""0-1"", 0.12278949931514806], [""1-1"", 0.11781419723002108], [""0-2"", 0.09949620023421861]]"
18/04/2026,England,Championship,Swansea City,Southampton,mt_404794826,2026-04-17T11:48:03+00:00,0.5367599219258296,0.46324007807417045,0.5419012633381771,A,0.23717393741203216,0.2304893467541609,0.5323367158338069,3.7663561071339404,1.0799657230888737,1.9102543062576982,1-1,"[[""1-1"", 0.10372061916357576], [""1-2"", 0.09906637970246766], [""0-1"", 0.09604065846360224]]"
18/04/2026,England,Championship,Watford,Sheffield United,mt_585265497,2026-04-17T11:48:03+00:00,0.5308241401687216,0.4691758598312784,0.5534758693892537,A,0.34484097381497386,0.2731714410569416,0.3819875851280846,4.0987193815273155,1.3220839994136646,1.4831878636342206,1-1,"[[""1-1"", 0.11861541208333504], [""0-1"", 0.08971851420631381], [""1-2"", 0.08796446982098723]]"
18/04/2026,England,Championship,Wrexham,Stoke City,mt_010470351,2026-04-17T11:48:03+00:00,0.5259067357512953,0.4740932642487047,0.4994840744776826,H,0.5449677778238012,0.24692562202946444,0.20810660014673443,3.5969928769261874,1.699077165020077,0.9757723240028573,1-0,"[[""1-0"", 0.11709564149248969], [""1-1"", 0.11425868622973206], [""2-0"", 0.09947726529163334]]"
18/04/2026,England,League One,AFC Wimbledon,Plymouth Argyle,mt_747922549,2026-04-17T11:48:03+00:00,0.5616438356164383,0.43835616438356173,0.5363847969177488,A,0.2377187197310064,0.24650832097281705,0.5157729592961766,3.7001266430373017,1.0199790196971628,1.8119886599500632,1-1,"[[""1-1"", 0.10885259274101707], [""0-1"", 0.10672042330178123], [""1-2"", 0.09861983182644274]]"
18/04/2026,England,League One,Exeter City,Stockport County,mt_252699736,2026-04-17T11:48:03+00:00,0.5583061889250814,0.44169381107491856,0.5018275744295979,A,0.25886345446808456,0.251341037065548,0.4897955084663675,3.8155282556568206,1.205805463255519,1.7292780741088538,1-1,"[[""1-1"", 0.11077748422620977], [""1-2"", 0.09578253728866197], [""0-1"", 0.0918701130505122]]"
18/04/2026,England,League One,Leyton Orient,Rotherham United,mt_404755742,2026-04-17T11:48:03+00:00,0.5052356020942408,0.4947643979057592,0.48120681296630835,H,0.5791114091900313,0.24184229400458973,0.1790462968053788,3.960512709803955,1.790323271164228,0.8904359144699243,1-0,"[[""1-0"", 0.12265705559585781], [""2-0"", 0.10979789050287436], [""1-1"", 0.10921824746568598]]"
18/04/2026,England,League One,Mansfield Town,Luton Town,mt_404755865,2026-04-17T11:48:03+00:00,0.5487884741322856,0.4512115258677144,0.521678364800903,A,0.2939255600988718,0.26303029418510804,0.4430441457160203,3.8648588165462825,1.256165154521106,1.5694302464485468,1-1,"[[""1-1"", 0.11685526094229069], [""0-1"", 0.09302539600124475], [""1-2"", 0.09169809048973428]]"
18/04/2026,England,League One,Northampton Town,Doncaster Rovers,mt_747922972,2026-04-17T11:48:03+00:00,0.5238718116415958,0.4761281883584042,0.47633483735609977,A,0.20827431772307808,0.23965815773681715,0.5520675245401048,3.730771901205771,0.9939398464169005,1.8015700196465592,0-1,"[[""0-1"", 0.11004660201781434], [""1-1"", 0.10937970270828816], [""0-2"", 0.09912832947963544]]"
18/04/2026,England,League One,Reading,Cardiff City,mt_191033074,2026-04-17T11:48:03+00:00,0.5832797427652734,0.4167202572347266,0.5553134215509504,A,0.20938931016060455,0.22739854456093264,0.5632121452784628,3.6620079160189514,1.1058051418554795,1.877709479682167,1-1,"[[""1-1"", 0.1050952450192221], [""1-2"", 0.09866916892105669], [""0-1"", 0.09503956984942043]]"
18/04/2026,England,League One,Stevenage,Lincoln City,mt_838544556,2026-04-17T11:48:03+00:00,0.38495857233906944,0.6150414276609306,0.36035759474928386,A,0.3189213910877483,0.307069483106471,0.3740091258057808,4.195342060749912,1.0676150486502582,1.077454737586173,1-1,"[[""1-1"", 0.1346547724772091], [""0-1"", 0.12612670891764555], [""1-0"", 0.12497487623366607]]"
18/04/2026,England,League One,Wycombe Wanderers,Blackpool,mt_010488432,2026-04-17T11:48:03+00:00,0.531928900592495,0.468071099407505,0.5075123505788679,H,0.5105512714839395,0.2535888929902269,0.23585983552583364,3.9481950736761915,1.6516484205414266,1.0649093934176563,1-1,"[[""1-1"", 0.1162637149898497], [""1-0"", 0.1091770959186677], [""2-1"", 0.09601339061463195]]"
18/04/2026,England,League Two,Cheltenham Town,Newport County,mt_626318004,2026-04-17T11:48:03+00:00,0.460327868852459,0.539672131147541,0.4335902556033634,H,0.3962530184194332,0.2954165138769496,0.3083304677036173,4.324577813899088,1.3336734284978702,1.0806219859576234,1-1,"[[""1-1"", 0.12888670518781145], [""1-0"", 0.1192708522153516], [""0-1"", 0.09664037869673825]]"
18/04/2026,England,League Two,Crawley Town,Shrewsbury Town,mt_191034877,2026-04-17T11:48:03+00:00,0.46173969914977103,0.5382603008502289,0.4305070087049637,H,0.49187872403604554,0.2773636424131489,0.2307576335508057,3.694567667720892,1.507235294825986,0.9029878471256757,1-0,"[[""1-0"", 0.13534257801772082], [""1-1"", 0.12221270314866052], [""2-0"", 0.10199655524052423]]"
18/04/2026,England,League Two,Crewe Alexandra,Milton Keynes Dons,mt_404759215,2026-04-17T11:48:03+00:00,0.5210249671484888,0.4789750328515112,0.5054619275644577,A,0.2522396451679376,0.2604467830800225,0.48731357175204,4.004501374314738,1.1124857669898174,1.6187367942443125,1-1,"[[""1-1"", 0.1173048084348884], [""0-1"", 0.10544387345493302], [""1-2"", 0.09494280477766723]]"
18/04/2026,England,League Two,Fleetwood Town,Chesterfield,mt_979160906,2026-04-17T11:48:03+00:00,0.511842105263158,0.488157894736842,0.4937445016991489,A,0.30824871807355775,0.2765195270926216,0.4152317548338207,4.029145940524889,1.246393412099536,1.427950357748302,1-1,"[[""1-1"", 0.12272004686978907], [""0-1"", 0.09846012156231515], [""1-2"", 0.08761906741530186]]"
18/04/2026,England,League Two,Gillingham,Grimsby Town,mt_191034866,2026-04-17T11:48:03+00:00,0.46179183135704877,0.5382081686429512,0.45276273428233665,A,0.23646677894095247,0.27306195999960503,0.4904712610594425,4.11839410717787,0.8989398557648884,1.3533194913554882,0-1,"[[""0-1"", 0.14231691814143968], [""1-1"", 0.1279343498669692], [""0-0"", 0.10516135993792174]]"
18/04/2026,England,League Two,Harrogate Town,Colchester United,mt_404759289,2026-04-17T11:48:03+00:00,0.48034076015727395,0.519659239842726,0.45688282648808043,A,0.30657049711855855,0.2882033396613475,0.4052261632200941,3.9431420682784304,1.1239217261525873,1.4057661324829325,1-1,"[[""1-1"", 0.12589824167792374], [""0-1"", 0.1120169125201441], [""1-0"", 0.0895584541189338]]"
18/04/2026,England,League Two,Notts County,Barnet,mt_191034800,2026-04-17T11:48:03+00:00,0.4878847413228553,0.5121152586771447,0.5208088040364385,H,0.404411592369938,0.28658133036564376,0.3090070772644181,3.6839755455522782,1.3797723095670122,1.1855056637004842,1-1,"[[""1-1"", 0.1257838807600597], [""1-0"", 0.10610145915915149], [""0-1"", 0.09116278090805581]]"
18/04/2026,England,League Two,Oldham Athletic,Salford City,mt_404759264,2026-04-17T11:48:03+00:00,0.5,0.5,0.517826319367777,H,0.36575991417122383,0.28937862606973935,0.3448614597590369,3.950673972667982,1.2173456619677447,1.2632886893366935,1-1,"[[""1-1"", 0.1287036044496569], [""0-1"", 0.10572478176955716], [""1-0"", 0.10187980430445748]]"
18/04/2026,England,League Two,Tranmere Rovers,Bristol Rovers,mt_747921634,2026-04-17T11:48:03+00:00,0.47866053841103084,0.5213394615889692,0.4697322849365201,A,0.3316447744791307,0.2829186631660817,0.38543656235478774,3.9431420682784304,1.220079769890575,1.4031844691367437,1-1,"[[""1-1"", 0.12423209576442922], [""0-1"", 0.1018229289840378], [""1-0"", 0.08853582582827355]]"
18/04/2026,England,National League,Brackley Town,Aldershot Town,mt_892265040,2026-04-17T11:48:03+00:00,0.5642384105960265,0.43576158940397347,0.5372445009728583,A,0.3207086555110094,0.2604152465171686,0.4188760979718221,3.725344751637148,1.433263262303391,1.4642754749579292,1-1,"[[""1-1"", 0.11576137399391391], [""1-2"", 0.08475327044336038], [""2-1"", 0.08295826226961998]]"
18/04/2026,England,National League,Eastleigh,Tamworth,mt_648853914,2026-04-17T11:48:03+00:00,0.5700996677740864,0.4299003322259136,0.5425412622706343,H,0.40244245705407894,0.26929551027915366,0.3282620326667675,3.5766971160150733,1.5302666929278324,1.459426400794186,1-1,"[[""1-1"", 0.11234198953981665], [""2-1"", 0.08595660240501417], [""1-2"", 0.08197743272607635]]"
18/04/2026,England,National League,Gateshead,Woking,mt_027794388,2026-04-17T11:48:03+00:00,0.5699346405228758,0.4300653594771242,0.566596688739131,H,0.41655767379765735,0.2655746302219882,0.31786769598035447,3.903161726794849,1.5241378574036102,1.413919142944544,1-1,"[[""1-1"", 0.11414762559937217], [""2-1"", 0.08698835875436829], [""1-0"", 0.0807313672560194]]"
18/04/2026,England,National League,Hartlepool United,Forest Green Rovers,mt_731109520,2026-04-17T11:48:03+00:00,0.5599201065246338,0.44007989347536625,0.5292370404913054,A,0.2824931059891309,0.262347007727354,0.45515988628351517,3.8557255864757702,1.3439234409802256,1.5694302464485468,1-1,"[[""1-1"", 0.11451519500081746], [""1-2"", 0.08986180535611818], [""0-1"", 0.08520961202767088]]"
18/04/2026,England,National League,Morecambe,Boreham Wood,mt_516632476,2026-04-17T11:48:03+00:00,0.7034949267192785,0.2965050732807215,0.6500996646348914,A,0.19778740267054196,0.20839278966826807,0.59381980766119,3.1855512352661117,1.135415192350028,2.0423998051328307,1-2,"[[""1-2"", 0.09869580828502626], [""1-1"", 0.09664690335064681], [""0-2"", 0.08692486145156329]]"
18/04/2026,England,National League,Solihull Moors,Boston United,mt_980041209,2026-04-17T11:48:03+00:00,0.5601577909270217,0.43984220907297833,0.517527949004178,H,0.4226227086199576,0.2733139427788637,0.30406334860117856,3.949215241461101,1.5364633718193845,1.2919095211138658,1-1,"[[""1-1"", 0.1173295946274761], [""1-0"", 0.09081873978784226], [""2-1"", 0.09013631228776674]]"
18/04/2026,England,National League,Sutton United,Altrincham,mt_203386731,2026-04-17T11:48:03+00:00,0.6178504085480829,0.38214959145191707,0.5864027958042155,H,0.473391511886881,0.24894571077777006,0.27766277733534894,3.91807970269526,1.8228514753434948,1.3293033730887678,1-1,"[[""1-1"", 0.1036124478551402], [""2-1"", 0.09443505171834662], [""1-0"", 0.07794492209433461]]"
18/04/2026,England,National League,Truro City,Carlisle United,mt_892265025,2026-04-17T11:48:03+00:00,0.4940683879972087,0.5059316120027912,0.4352770835097098,A,0.23132113441328622,0.2660611159997365,0.5026177495869774,3.794546270196252,0.9499245687410398,1.4496265870441918,0-1,"[[""0-1"", 0.1315661964859626], [""1-1"", 0.12497796245782691], [""0-2"", 0.09536092819116576]]"
18/04/2026,England,National League,Wealdstone,Scunthorpe United,mt_154470647,2026-04-17T11:48:03+00:00,0.6003886010362693,0.39961139896373066,0.5800377828895633,A,0.36760830376824727,0.2510672906233984,0.38132440560835434,3.6613838385217132,1.511973188398131,1.578634301883732,1-1,"[[""1-1"", 0.10854050715293603], [""1-2"", 0.08567288386774069], [""2-1"", 0.08205516833518743]]"
18/04/2026,England,Premier League,Leeds United,Wolverhampton,mt_626439594,2026-04-17T11:48:03+00:00,0.5067698259187621,0.4932301740812379,0.48444427796479966,H,0.6026846962618367,0.2360771809539078,0.16123812278425542,3.984966666242324,1.8417087067657425,0.8095772238263707,1-0,"[[""1-0"", 0.1299517378304766], [""2-0"", 0.11966662351086393], [""1-1"", 0.10520596714420959]]"
18/04/2026,England,Premier League,Newcastle United,Bournemouth,mt_191506768,2026-04-17T11:48:03+00:00,0.6395209580838324,0.36047904191616764,0.5746381185699243,H,0.4720244685423831,0.2562890945053115,0.2716864369523053,4.1617154673529635,1.7038727377283212,1.2830040595477836,1-1,"[[""1-1"", 0.11027601747194815], [""2-1"", 0.09394814989785225], [""1-0"", 0.08595141741859864]]"
18/04/2026,Finland,Veikkausliiga,AC Oulu,VPS,mt_209871922,2026-04-17T11:48:03+00:00,0.8133517440415861,0.18664825595841394,0.8133517440415861,H,0.4979636118665288,0.10204317496641825,0.39999321316705283,3.7990962316495174,1.581557133783782,1.41647248884235,1-1,"[[""1-1"", 0.11175457407397281], [""2-1"", 0.08837312192982989], [""1-2"", 0.07914863983903851]]"
18/04/2026,Finland,Veikkausliiga,FC Lahti,Inter Turku,mt_986423700,2026-04-17T11:48:03+00:00,0.448871181938911,0.5511288180610889,0.4268262775086757,A,0.24066389813327518,0.2816670936584199,0.477669008208305,3.813355002869504,0.9759565814112651,1.3888262764486317,0-1,"[[""0-1"", 0.13050759262713174], [""1-1"", 0.12736974394858952], [""0-0"", 0.0939697029356708]]"
18/04/2026,Finland,Veikkausliiga,TPS,SJK,mt_517349867,2026-04-17T11:48:03+00:00,0.8287695919113187,0.17123040808868129,0.8287695919113187,A,0.3962242755795186,0.12221084434324365,0.48156488007723774,3.95017300416301,1.6052961115711004,1.4731770641810427,1-1,"[[""1-1"", 0.10885445043041915], [""2-1"", 0.08737181300158048], [""1-2"", 0.08018093985406285]]"
18/04/2026,Greece,Stoiximan Super League,Atromitos Athens,AE Larisa,mt_376426474,2026-04-17T11:48:03+00:00,0.38874680306905374,0.6112531969309463,0.3553564226360491,H,0.45957967680342615,0.3087933917105172,0.23162693148605676,4.309940554125717,1.2604276839106021,0.895903844007161,1-0,"[[""1-0"", 0.14589319984412852], [""1-1"", 0.1307062785548597], [""0-0"", 0.11574896497947457]]"
18/04/2026,Norway,Eliteserien,Sandefjord Fotball,Rosenborg BK,mt_894698758,2026-04-17T11:48:03+00:00,0.5858716785482826,0.4141283214517174,0.5535429011734028,H,0.4609965784518945,0.2575959826834512,0.28140743886465436,3.949215241461101,1.6261518815043732,1.415542653302213,1-1,"[[""1-1"", 0.10992409884688642], [""2-1"", 0.08937664008126853], [""1-2"", 0.07780112527178817]]"
18/04/2026,Turkey,Trendyol Süper Lig,Kocaelispor,Göztepe,mt_626369111,2026-04-17T11:48:03+00:00,0.3775573465592065,0.6224426534407935,0.3794265662899393,A,0.33801634324825297,0.3202859224309506,0.3416977343207965,4.4078078486281305,1.1298560152889208,1.0737441359446218,1-1,"[[""1-1"", 0.13394068668399364], [""1-0"", 0.12474171657865205], [""0-1"", 0.11854668636670758]]"
18/04/2026,Spain,LaLiga 2,Real Zaragoza,AD Ceuta,mt_838553555,2026-04-17T11:48:03+00:00,0.49515418502202635,0.5048458149779737,0.4779453460435571,H,0.535008911211148,0.25073920333907157,0.21425188544978035,3.96102594517507,1.68619297700781,0.988007573282636,1-0,"[[""1-0"", 0.11628313547631594], [""1-1"", 0.11488861849565091], [""2-0"", 0.09803790319230585]]"
18/04/2026,Portugal,Liga Portugal Betclic,CD Nacional,FC Alverca,mt_979393248,2026-04-17T11:48:03+00:00,0.5068852459016393,0.4931147540983607,0.4916611668773559,H,0.4179983871421178,0.2849144396429367,0.2970871732149455,3.949215241461101,1.4219889944905124,1.1393338412898393,1-1,"[[""1-1"", 0.12507740391235253], [""1-0"", 0.10978117157544665], [""2-1"", 0.08892934591140493]]"
18/04/2026,France,Ligue 1,Lorient,Olympique de Marseille,mt_626964013,2026-04-17T11:48:03+00:00,0.5679642629227825,0.43203573707721754,0.5406892209540266,A,0.22242590941214602,0.23485843752344254,0.5427156530644115,3.5800786931398343,1.0357145539303647,1.877709479682167,1-1,"[[""1-1"", 0.1055806901699597], [""0-1"", 0.10193995031671471], [""1-2"", 0.09912493140175956]]"
18/04/2026,Greece,Stoiximan Super League,OFI Crete,APO Levadiakos,mt_518931852,2026-04-17T11:48:03+00:00,0.4737187910643889,0.526281208935611,0.4254846645878667,A,0.3182351069981185,0.30433830912849114,0.3774265838733904,4.170425667958943,1.1030909734041203,1.3079664322279536,1-1,"[[""1-1"", 0.12944909015719144], [""0-1"", 0.11735123691359173], [""1-0"", 0.09896973421304969]]"
18/04/2026,Italy,Serie B,Palermo,Cesena,mt_747794134,2026-04-17T11:48:03+00:00,0.5506867233485938,0.4493132766514062,0.5912397255629239,H,0.6058904456963272,0.2293531195430332,0.16475643476063975,4.6606249304934,2.0540868848350993,0.9398651989915828,2-0,"[[""2-0"", 0.10566976815863009], [""1-0"", 0.10288734029584458], [""2-1"", 0.0993153376778053]]"
18/04/2026,Finland,Veikkausliiga,IFK Mariehamn,Ilves,mt_028935171,2026-04-17T11:48:03+00:00,0.5727452271231073,0.42725477287689273,0.532578026827733,A,0.1925030993730405,0.24843101243394172,0.5590658881930177,3.7598827276158167,1.0698016858133992,1.780892430885412,1-1,"[[""1-1"", 0.11012863124343059], [""0-1"", 0.10294303393221596], [""1-2"", 0.09806362290259811]]"
18/04/2026,Greece,Stoiximan Super League,Aris Thessaloniki,NPS Volos,mt_205180030,2026-04-17T11:48:03+00:00,0.4570491803278689,0.5429508196721311,0.4078121405446649,H,0.5662464505719247,0.2653434700543571,0.16841007937371824,3.9482426020116907,1.482808430089941,0.8573954627456962,1-0,"[[""1-0"", 0.14280631386595372], [""1-1"", 0.12244148556010652], [""2-0"", 0.10587720303525308]]"
18/04/2026,Italy,Serie A,Napoli,Lazio,mt_252581317,2026-04-17T11:48:03+00:00,0.43634037108125406,0.5636596289187459,0.45437250175124483,H,0.6318110721186085,0.23442296137227536,0.13376596650911612,3.6072982933238142,1.8417676067419186,0.7457035026985095,1-0,"[[""1-0"", 0.13851933736787495], [""2-0"", 0.12756021423575375], [""1-1"", 0.10329435506670089]]"
18/04/2026,Norway,Eliteserien,Viking FK,SK Brann,mt_894698797,2026-04-17T11:48:03+00:00,0.6412307692307693,0.35876923076923073,0.5663915232302308,H,0.5216757000856601,0.22767666316817906,0.25064763674616086,3.840690489337892,2.1065260155059073,1.2396745518512786,2-1,"[[""2-1"", 0.09686678876929121], [""1-1"", 0.09196828147980646], [""2-0"", 0.07813888622996605]]"
18/04/2026,Belgium,Pro League,KVC Westerlo,KRC Genk,mt_642098624,2026-04-17T11:48:03+00:00,0.59937106918239,0.40062893081761,0.565419896957936,A,0.3393644423371995,0.2590633917933989,0.4015721658694017,3.931384689428829,1.4827420354078953,1.6657914082931857,1-1,"[[""1-1"", 0.10599747428229955], [""1-2"", 0.08828484098011626], [""2-1"", 0.07858345538271642]]"
18/04/2026,Belgium,Pro League,RC Sporting Charleroi,Standard Liège,mt_642098643,2026-04-17T11:48:03+00:00,0.48666232921275215,0.5133376707872479,0.45727372959613993,H,0.5151118241719559,0.2664054083065144,0.2184827675215297,3.96102594517507,1.5164491122747858,0.9459759273629352,1-0,"[[""1-0"", 0.1292439535040335], [""1-1"", 0.1222616687720302], [""2-0"", 0.09799593927903766]]"
18/04/2026,England,National League,Braintree Town,Rochdale,mt_375528108,2026-04-17T11:48:03+00:00,0.5979578813018507,0.4020421186981493,0.6300912896384255,A,0.09639899856160263,0.17024119670661142,0.7333598047317861,3.1913813700660127,0.7978665982852702,2.3067908434648516,0-2,"[[""0-2"", 0.11930285778666147], [""0-1"", 0.1034362158360798], [""1-2"", 0.09518776530795495]]"
18/04/2026,England,National League,York City,Yeovil Town,mt_731109515,2026-04-17T11:48:03+00:00,0.706791827719492,0.293208172280508,0.6700791970459142,H,0.8435610689752906,0.10861206922935181,0.047826861795357674,3.0600862043710424,3.012657563903212,0.5781604794296223,3-0,"[[""3-0"", 0.12566825888591496], [""2-0"", 0.12514026857048294], [""4-0"", 0.09464885766879967]]"
18/04/2026,England,Premier League,Tottenham Hotspur,Brighton & Hove Albion,mt_979812440,2026-04-17T11:48:03+00:00,0.5697008274984087,0.43029917250159133,0.5737281384406246,A,0.3393468348878358,0.2579571860802289,0.40269597903193527,3.931384689428829,1.431388178655161,1.7008079122186022,1-1,"[[""1-1"", 0.10619821454356332], [""1-2"", 0.09031138177959057], [""2-1"", 0.07600543444597056]]"
18/04/2026,Germany,Bundesliga,Eintracht Frankfurt,RB Leipzig,mt_585273934,2026-04-17T11:48:03+00:00,0.6564705882352941,0.34352941176470586,0.6066392794769453,A,0.26390793040329896,0.2422885085010085,0.4938035610956925,3.8508424528926013,1.3254518724809314,1.9174006414786768,1-1,"[[""1-1"", 0.0992484833530641], [""1-2"", 0.09514955282347545], [""0-1"", 0.0748789793229493]]"
18/04/2026,Spain,LaLiga 2,CD Castellón,Burgos Club de Fútbol,mt_626332332,2026-04-17T11:48:03+00:00,0.463302752293578,0.536697247706422,0.43880435082507974,H,0.5454218561020503,0.2623434188851874,0.1922347250127623,3.96102594517507,1.5053930435644571,0.9026059231256849,1-0,"[[""1-0"", 0.13547814487989987], [""1-1"", 0.1222833760226773], [""2-0"", 0.10197392842860947]]"
18/04/2026,Spain,LaLiga 2,Cultural Leonesa,Córdoba,mt_585228215,2026-04-17T11:48:03+00:00,0.50065445026178,0.49934554973822,0.4954062691282217,H,0.36960960506405816,0.27763315227525287,0.352757242660689,5.0599834817884295,1.3995595281844155,1.3549849753346452,1-1,"[[""1-1"", 0.12068196607666946], [""1-0"", 0.08906516918895298], [""0-1"", 0.08622853379679009]]"
18/04/2026,France,Ligue 1,Angers,Le Havre,mt_191615831,2026-04-17T11:48:03+00:00,0.4002501563477173,0.5997498436522827,0.3962502894853849,A,0.32920366840813736,0.3162568586386807,0.35453947295318206,3.8436887258434487,1.0783422399529252,1.1446323001062715,1-1,"[[""1-1"", 0.13365864013134346], [""0-1"", 0.12394825610946882], [""1-0"", 0.11676993574175229]]"
18/04/2026,Greece,Stoiximan Super League,Panetolikos,MGS Panserraikos,mt_893763798,2026-04-17T11:48:03+00:00,0.401541095890411,0.598458904109589,0.3462696613798114,H,0.5281938018621599,0.2842448982868614,0.18756129985097855,4.245831092613949,1.4198796424719178,0.7634896932568979,1-0,"[[""1-0"", 0.15996548167887262], [""1-1"", 0.12213199653869439], [""2-0"", 0.11356586546702288]]"
18/04/2026,Portugal,Liga Portugal 2,Torreense,Marítimo,mt_747761675,2026-04-17T11:48:03+00:00,0.46272666218938885,0.5372733378106112,0.34732086722260214,A,0.3231865433820693,0.31362445643321585,0.3631890001847149,4.014811874283758,1.0138108617667978,1.2267188289015767,1-1,"[[""1-1"", 0.13232816494126887], [""0-1"", 0.13052549536770272], [""1-0"", 0.1078716343334826]]"
18/04/2026,Portugal,Liga Portugal Betclic,Casa Pia,Santa Clara,mt_010505393,2026-04-17T11:48:03+00:00,0.3780260707635009,0.6219739292364991,0.3914333352089765,A,0.24898965202541531,0.3142461686443739,0.4367641793302109,4.188605460196181,0.9543133433785228,1.1141524688487268,0-1,"[[""0-1"", 0.14080605752690295], [""1-1"", 0.13437309952644738], [""0-0"", 0.1263795229681628]]"
18/04/2026,Turkey,Trendyol Süper Lig,Gençlerbirliği,Galatasaray,mt_363831006,2026-04-17T11:48:03+00:00,0.5997474747474747,0.4002525252525253,0.5941699954424201,A,0.12325059342344732,0.18861201341651052,0.6881373931600423,4.044036739941359,0.8283102484260896,2.2801173800284817,0-2,"[[""0-2"", 0.11612118199507242], [""0-1"", 0.1018554421909822], [""1-2"", 0.09618436510586958]]"
18/04/2026,USA,MLS,Toronto FC,Austin FC,mt_028402282,2026-04-17T11:48:03+00:00,0.4899154196486663,0.5100845803513336,0.4745452011084419,H,0.4966736722522239,0.2697688210950382,0.23355750665273792,3.868887116232542,1.5459025586491124,1.0080523215349133,1-1,"[[""1-1"", 0.12119834198174569], [""1-0"", 0.1202302096752307], [""2-1"", 0.09368041348680539]]"
18/04/2026,Italy,Serie B,Juve Stabia,Catanzaro,mt_626632810,2026-04-17T11:48:03+00:00,0.45418848167539266,0.5458115183246073,0.45199006453986157,H,0.40148288603275784,0.29336574299593754,0.30515137097130474,4.259774813740167,1.3448022696223207,1.090452637829833,1-1,"[[""1-1"", 0.12842437843694288], [""1-0"", 0.1177716243527339], [""0-1"", 0.09549684837534521]]"
18/04/2026,Argentina,Liga Profesional de Fútbol,Gimnasia y Esgrima,Estudiantes de Río Cuarto,mt_209870696,2026-04-17T11:48:03+00:00,0.7980680361414981,0.20193196385850187,0.7980680361414981,A,0.34004935646014267,0.11134374957378274,0.5486068939660746,3.9516616483615743,1.4350947130043687,1.3941137673709827,1-1,"[[""1-1"", 0.11815963733128708], [""2-1"", 0.08478513541232184], [""1-0"", 0.08475609386894752]]"
18/04/2026,France,Ligue 2,Bastia,Saint-Étienne,mt_191037939,2026-04-17T11:48:03+00:00,0.46592398427260817,0.5340760157273918,0.4420580293883865,A,0.2584090887663418,0.2809698975330735,0.4606210137005847,4.323372537628139,1.0568730980995733,1.3480577724607468,1-1,"[[""1-1"", 0.12861248859442773], [""0-1"", 0.12169151511727713], [""1-0"", 0.09540576911600628]]"
18/04/2026,Peru,Liga 1,FC Cajamarca,Asociación Deportiva Tarma,mt_460490952,2026-04-17T11:48:03+00:00,0.7980680361414981,0.20193196385850187,0.7980680361414981,A,0.34004935646014267,0.11134374957378274,0.5486068939660746,3.9516616483615743,1.4350947130043687,1.3941137673709827,1-1,"[[""1-1"", 0.11815963733128708], [""2-1"", 0.08478513541232184], [""1-0"", 0.08475609386894752]]"
18/04/2026,Germany,2. Bundesliga,Hannover 96,SC Paderborn 07,mt_747926443,2026-04-17T11:48:03+00:00,0.5975994946304485,0.4024005053695515,0.5611852329404926,H,0.4266201835879784,0.25950272265741753,0.31387709375460404,3.949215241461101,1.5932472892487972,1.405305869559014,1-1,"[[""1-1"", 0.11163463528721532], [""2-1"", 0.08893079002881696], [""1-0"", 0.07943796272781978]]"
18/04/2026,USA,MLS,CF Montréal,New York Red Bulls,mt_153015541,2026-04-17T11:48:03+00:00,0.5960774259710294,0.4039225740289706,0.5752608847754304,A,0.36716445296464323,0.26196389804362286,0.3708716489917339,3.8857419162982403,1.4427141984041243,1.6420085912464257,1-1,"[[""1-1"", 0.1083621579877576], [""1-2"", 0.08896579719095024], [""2-1"", 0.07816781194932439]]"
18/04/2026,Belgium,Pro League,KV Mechelen,RSC Anderlecht,mt_893702774,2026-04-17T11:48:03+00:00,0.5497076023391814,0.45029239766081863,0.5152610157773603,A,0.3231967230010266,0.2778162887111099,0.39898698828786344,3.931384689428829,1.247649308208419,1.4399183425310174,1-1,"[[""1-1"", 0.1222459820401242], [""0-1"", 0.0979810442212044], [""1-2"", 0.08801211592014607]]"
18/04/2026,Italy,Serie A,Roma,Atalanta,mt_979743034,2026-04-17T11:48:03+00:00,0.47290322580645155,0.5270967741935484,0.4816918340922418,H,0.3899538379613894,0.2914120195794629,0.31863414245914756,4.1391249310735825,1.3168499553901631,1.1656627766747714,1-1,"[[""1-1"", 0.12822350401948396], [""1-0"", 0.1100005135149471], [""0-1"", 0.09737138501971032]]"
18/04/2026,England,Premier League,Chelsea,Manchester United,mt_979812419,2026-04-17T11:48:03+00:00,0.6135384615384616,0.3864615384615384,0.5345771484755417,H,0.4333757405807381,0.2643834277198628,0.30224083169939925,3.960315707570327,1.619815599271591,1.4208745481946516,1-1,"[[""1-1"", 0.11001866219482995], [""2-1"", 0.08910497261708862], [""1-2"", 0.0781613584695295]]"
18/04/2026,Spain,Copa del Rey,Atlético Madrid,Real Sociedad,mt_376868270,2026-04-17T11:48:03+00:00,0.4933862433862434,0.5066137566137566,0.46083632565042754,H,0.5225731293363697,0.2623282483018965,0.215098622361734,3.96102594517507,1.5449841928345684,0.9998351035742248,1-0,"[[""1-0"", 0.12126153528889591], [""1-1"", 0.12124153969514276], [""2-0"", 0.09367357761009769]]"
18/04/2026,France,Ligue 1,Lille,Nice,mt_585451988,2026-04-17T11:48:03+00:00,0.5333765392093325,0.4666234607906675,0.5580416661122983,H,0.6379659020983244,0.22015057858542925,0.14188351931624638,3.93580146906566,1.9954549274620823,0.8197882250711345,1-0,"[[""1-0"", 0.11950810395683555], [""2-0"", 0.11923651745615915], [""1-1"", 0.09797133642439083]]"
18/04/2026,Portugal,Liga Portugal Betclic,Gil Vicente,Vitória SC,mt_626060950,2026-04-17T11:48:03+00:00,0.4488188976377953,0.5511811023622046,0.42813697039838144,H,0.44484112464098513,0.2877495168077835,0.2674093585512313,4.211394035646039,1.43141620939973,1.0267190965383997,1-1,"[[""1-1"", 0.12579488183855705], [""1-0"", 0.12252122538937531], [""2-1"", 0.09003241646161714]]"
18/04/2026,Argentina,Liga Profesional de Fútbol,Instituto De Córdoba,Estudiantes de La Plata,mt_370217733,2026-04-17T11:48:03+00:00,0.3589123867069486,0.6410876132930514,0.3733310349736709,H,0.3425300039896245,0.32059216132427604,0.33687783468609944,4.40463782780056,1.1002237820624057,1.0923013191387154,1-1,"[[""1-1"", 0.13415965523010834], [""1-0"", 0.12282293619849681], [""0-1"", 0.12193851597955978]]"
18/04/2026,Peru,Liga 1,ADC Juan Pablo II,Comerciantes Unidos,mt_021071789,2026-04-17T11:48:03+00:00,0.46675621222296837,0.5332437877770316,0.4291733238847464,H,0.4917113843084819,0.27846447485995984,0.2298241408315583,3.96102594517507,1.4533250196810588,1.0119973726020963,1-1,"[[""1-1"", 0.12498739717150872], [""1-0"", 0.1235056538241153], [""2-1"", 0.0908236557270836]]"
18/04/2026,USA,MLS,Colorado Rapids,Inter Miami CF,mt_465746657,2026-04-17T11:48:03+00:00,0.6854565952649379,0.31454340473506215,0.6165702612335167,A,0.26193368183430166,0.22682078519495602,0.5112455329707425,3.689259981077649,1.1783969273001098,1.898950911343305,1-1,"[[""1-1"", 0.10311697265860584], [""1-2"", 0.0979070346025111], [""0-1"", 0.0875061452297426]]"
18/04/2026,Brazil,Brasileirão Série B,América Mineiro,Sport Recife,mt_376037270,2026-04-17T11:48:03+00:00,0.4259857789269553,0.5740142210730447,0.40504407387921726,H,0.38833876156514524,0.30269111050081526,0.3089701279340395,4.140398488064053,1.1595868940683896,1.0937569055728655,1-1,"[[""1-1"", 0.13323223956082444], [""1-0"", 0.12181156423514673], [""0-1"", 0.11489629646759937]]"
18/04/2026,Brazil,Brasileirão Série B,Náutico,São Bernardo,mt_987698484,2026-04-17T11:48:03+00:00,0.4410423452768729,0.5589576547231271,0.3921441079639609,H,0.5506917738977721,0.2676348175453823,0.18167340855684552,3.96102594517507,1.3964442392274732,0.8539554517495589,1-0,"[[""1-0"", 0.14712532354073335], [""1-1"", 0.12563847212802695], [""0-0"", 0.10535710586061392]]"
18/04/2026,Brazil,Brasileirão Série A,Chapecoense,Botafogo,mt_641581162,2026-04-17T11:48:03+00:00,0.4680156657963447,0.5319843342036553,0.44413250832593604,A,0.2890627834928795,0.28668777748151075,0.42424943902560985,3.9267506228214137,1.1499068368979513,1.4180518567138096,1-1,"[[""1-1"", 0.12505598422442155], [""0-1"", 0.10875314435191907], [""1-2"", 0.08866793531130694]]"
18/04/2026,Brazil,Brasileirão Série A,Vasco da Gama,São Paulo,mt_153743386,2026-04-17T11:48:03+00:00,0.4338046272493573,0.5661953727506427,0.39934161233107834,H,0.4080836830338172,0.3013328818005627,0.2905834351656201,3.982558400345066,1.2746845090358956,1.0402035119381645,1-1,"[[""1-1"", 0.13097184031561057], [""1-0"", 0.12590982323408678], [""0-1"", 0.10274843648540985]]"
18/04/2026,Brazil,Brasileirão Série B,Vila Nova FC,Operário-PR,mt_021802920,2026-04-17T11:48:03+00:00,0.37469135802469133,0.6253086419753087,0.3699645274744731,H,0.4025847142860375,0.310272686315032,0.2871425993989306,4.394908162927891,1.1990094924448873,0.9834835488443355,1-0,"[[""1-0"", 0.13520038762791964], [""1-1"", 0.1329673570294362], [""0-0"", 0.11276006443638241]]"
18/04/2026,Chile,Chilean Primera División,Everton de Viña del Mar,Universidad de Chile,mt_153144503,2026-04-17T11:48:03+00:00,0.4185282522996058,0.5814717477003942,0.3380555344919504,A,0.2539588851263328,0.2966029944602562,0.4494381204134111,4.056409634488561,0.9034452933002036,1.2058684385436282,0-1,"[[""0-1"", 0.146297402081081], [""1-1"", 0.13217169933220002], [""0-0"", 0.12132119674495316]]"
18/04/2026,Argentina,Liga Profesional de Fútbol,CA Independiente,Defensa y Justicia,mt_517341152,2026-04-17T11:48:03+00:00,0.4156010230179028,0.5843989769820972,0.38350219503097266,H,0.5534611287431977,0.27151857248005357,0.17502029877674874,3.9474734511362355,1.385648983335306,0.9069936844717351,1-0,"[[""1-0"", 0.13994944091893283], [""1-1"", 0.1269332590588223], [""0-0"", 0.1009992015308737]]"
18/04/2026,Peru,Liga 1,Sport Huancayo,Deportivo Garcilaso,mt_376356565,2026-04-17T11:48:03+00:00,0.45861148197596796,0.5413885180240321,0.4100099834139591,H,0.5206163020125641,0.27463510872249836,0.20474858926493744,3.96102594517507,1.493387622781195,0.8739778754879155,1-0,"[[""1-0"", 0.13997122872075995], [""1-1"", 0.12233175710680287], [""2-0"", 0.10451565025852931]]"
18/04/2026,Brazil,Brasileirão Série A,Vitória,Corinthians,mt_465195545,2026-04-17T11:48:03+00:00,0.3770692826486818,0.6229307173513182,0.3890662212145121,A,0.33997550743745575,0.3198189607441212,0.3402055318184231,4.064220112901265,1.1033276312007816,1.1456471181665269,1-1,"[[""1-1"", 0.1333638234655699], [""0-1"", 0.12087418070045652], [""1-0"", 0.11640916417526803]]"
18/04/2026,Mexico,"Liga MX, Clausura",Club Necaxa,Tigres UANL,mt_028979770,2026-04-17T11:48:03+00:00,0.5284661754855994,0.4715338245144006,0.505416282954104,A,0.24913680705035407,0.2664398468551698,0.48442334609447607,3.785264109631412,1.105099898876386,1.6373910191343952,1-1,"[[""1-1"", 0.11654811956343969], [""0-1"", 0.10546387677886894], [""1-2"", 0.09541742213508891]]"
18/04/2026,Mexico,"Liga MX, Clausura",Cruz Azul,Club Tijuana,mt_465191959,2026-04-17T11:48:03+00:00,0.6421785940468651,0.35782140595313494,0.6624750280225662,H,0.6733737319819397,0.19267755039317455,0.1339487176248856,3.405856736150401,2.2956194459785086,0.8703647581208207,2-0,"[[""2-0"", 0.11112207043672945], [""1-0"", 0.09681227490156899], [""2-1"", 0.09671673395754883]]"
18/04/2026,Brazil,Brasileirão Série A,Cruzeiro,Grêmio,mt_894624485,2026-04-17T11:48:03+00:00,0.47736093143596375,0.5226390685640363,0.4424524762692369,H,0.5682939956439184,0.2512933956028267,0.18041260875325507,3.7415892294276434,1.723041585988862,0.8791176731737701,1-0,"[[""1-0"", 0.12770042777511978], [""1-1"", 0.11226370292895838], [""2-0"", 0.11001657380254924]]"
18/04/2026,Brazil,Brasileirão Série B,Avaí,Ponte Preta,mt_205920807,2026-04-17T11:48:03+00:00,0.43717616580310875,0.5628238341968912,0.38581912447949684,H,0.5394236867459861,0.2770131049539357,0.1835632083000782,3.9160584983386415,1.3779567789737117,0.8867388630042162,1-0,"[[""1-0"", 0.14311685209053637], [""1-1"", 0.1269072746995048], [""0-0"", 0.103861640854315]]"
18/04/2026,USA,MLS,Atlanta United,Nashville SC,mt_986198866,2026-04-17T11:48:03+00:00,0.5140247879973908,0.4859752120026092,0.504942082477621,A,0.28110325164880245,0.2717522713364213,0.4471444770147762,3.8104061242067684,1.2018945169433102,1.556812311550133,1-1,"[[""1-1"", 0.11858000342039265], [""0-1"", 0.09866090721669023], [""1-2"", 0.09230340461426208]]"
18/04/2026,USA,MLS,FC Cincinnati,Chicago Fire,mt_517251178,2026-04-17T11:48:03+00:00,0.6017532874139011,0.3982467125860989,0.6127288909897102,H,0.37615107543492377,0.259115452792404,0.36473347177267246,3.767004010566728,1.5005596624933397,1.638161877080787,1-1,"[[""1-1"", 0.10653213671908923], [""1-2"", 0.08725844252858513], [""2-1"", 0.07992891355994543]]"
18/04/2026,USA,MLS,New England Revolution,Columbus Crew,mt_370837702,2026-04-17T11:48:03+00:00,0.530638852672751,0.469361147327249,0.554902877832241,A,0.3184904929158484,0.27470373479707433,0.4068057722870772,3.780410509439417,1.2943794404213351,1.4901948566476395,1-1,"[[""1-1"", 0.11911855447949107], [""0-1"", 0.09202753903501175], [""1-2"", 0.08875492860831961]]"
18/04/2026,USA,MLS,New York City FC,Charlotte FC,mt_641364419,2026-04-17T11:48:03+00:00,0.5380116959064327,0.4619883040935673,0.5131523878155789,H,0.5088873668132873,0.2580377614245937,0.23307487176211905,3.949215241461101,1.6772289146325257,1.0708262187775328,1-1,"[[""1-1"", 0.1150392804474164], [""1-0"", 0.10743039200025055], [""2-1"", 0.09647360374246347]]"
18/04/2026,USA,MLS,Orlando City SC,Houston Dynamo,mt_209620059,2026-04-17T11:48:03+00:00,0.6199011124845489,0.38009888751545107,0.620931872578585,H,0.3818539194102666,0.2391693484076277,0.37897673218210576,3.8130282177728105,1.6546640263500436,1.7849756655959756,1-1,"[[""1-1"", 0.09473829990159267], [""1-2"", 0.08455277996213825], [""2-1"", 0.07838002838236365]]"
18/04/2026,USA,MLS,Philadelphia Union,DC United,mt_732973327,2026-04-17T11:48:03+00:00,0.5,0.5,0.5011547228678147,H,0.5241863790283073,0.2581428793126504,0.21767074165904213,3.7850455524129343,1.6992652477625074,1.0255119265529287,1-1,"[[""1-1"", 0.1142473669995317], [""1-0"", 0.11140520557723145], [""2-1"", 0.09706829019533668]]"
18/04/2026,Brazil,Brasileirão Série B,CRB,Juventude,mt_518751319,2026-04-17T11:48:03+00:00,0.4434330299089727,0.5565669700910273,0.4012177251638366,H,0.4584454007343797,0.2968922745168257,0.2446623247487945,3.944123576411456,1.2936534189661604,1.014584644274411,1-1,"[[""1-1"", 0.1305122184380195], [""1-0"", 0.12863610658266608], [""0-1"", 0.10088654080342477]]"
